LOOKUP_ID,FUND_IN_UNIVERSE,UNCOVERED_FUNDS,FUND_FINANCED_CARBON_EMISSIONS,FUND_FINANCED_CARBON_EMISSIONS_COVERAGE,FUND_CARBON_EMISSIONS_SCOPE_3_DOWN_EVIC_INTEN,FUND_CARBON_EMISSIONS_SCOPE_3_DOWN_EVIC_INTEN_COV,FUND_CARBON_EMISSIONS_SCOPE_3_TOT_EVIC_INTEN,FUND_CARBON_EMISSIONS_SCOPE_3_TOT_EVIC_INTEN_COV,FUND_CARBON_EMISSIONS_SCOPE_3_UPST_EVIC_INTEN,FUND_CARBON_EMISSIONS_SCOPE_3_UPST_EVIC_INTEN_COV,FUND_FOSS_FUEL_SECT_EXP_PCT,FUND_FOSSIL_FUEL_REVENUES_PCT,FUND_GREEN_REVENUES_PCT,FUND_GREEN_FFB_REV_RATIO,FUND_OIL_GAS_ANY_TIE,FUND_EXP_TO_OG_REV_REFINING,FUND_THERMAL_COAL_ANY_TIE,FUND_WEIGHTED_AVG_CARBON_INTEN,FUND_WEIGHTED_AVG_CARBON_INTEN_COVERAGE,FUND_CARBON_EMISSIONS_SCOPE_3_DOWN_SALES_INTEN,FUND_CARBON_EMISSIONS_SCOPE_3_DOWN_SALES_INTEN_COV,FUND_CARBON_EMISSIONS_SCOPE_3_TOTAL_SALES_INTEN,FUND_CARBON_EMISSIONS_SCOPE_3_TOTAL_SALES_INTEN_COV,FUND_CARBON_EMISSIONS_SCOPE_3_UPST_INTEN_PROF,FUND_CARBON_EMISSIONS_SCOPE_3_UPST_INTEN_PROF_COV,FUND_WEIGHTED_AVG_SOV_CARBON_INTEN,FUND_WEIGHTED_AVG_SOV_CARBON_INTEN_COVERAGE,FUND_IMPLIED_TEMP_RISE_OVERSHOOT,FUND_IMPLIED_TEMP_RISE_BUDGET,FUND_IMPLIED_TEMP_RISE,FUND_IMPLIED_TEMP_RISE_COVERAGE,FUND_PERC_LOW_CARB_VALUE_COV,FUND_CBN_LCT_MGMT_SCORE_QUART_1,FUND_CARBON_EMISSIONS_CLEANER_ENERGY_SOURCES,FUND_PERC_LOW_CARB_VALUE
UFD000000001275160,TRUE,TRUE,24.6311266,36.94369514,150.5322307,36.83762679,268.5431501,36.83762679,118.0109194,36.83762679,3.718596825,0.51342607,2.2029151,4.290617927,3.718596825,0,1.501502389,42.50635844,59.94161809,645.9518876,53.09789508,829.9972304,53.09789508,184.0453428,53.09789508,324.8376408,21.6459208,490.6796204,7750.271197,2.1,36.94369514,26.3131252,36.65267195,52.93322815,3.73387134
UFD000000001228853,TRUE,TRUE,96.11742481,74.37031555,371.5548003,74.37031555,532.0997892,74.37031555,160.5449889,74.37031555,20.45190678,5.04888822,7.43279022,1.472163751,20.45190678,2.77197036,8.585228778,190.2233309,89.15263729,506.7903904,89.15263729,798.2879944,89.15263729,291.497604,89.15263729,186.1009427,3.171147567,664.9940161,13926.38564,2.1,74.37031555,59.3263899,60.3535053,84.66086991,11.35677772
UFD000000001536424,TRUE,TRUE,null,0,null,0,null,0,null,0,0,0,0,null,0,0,0,6,1.1451,53.26060098,1.1451,158.9177209,1.1451,105.6571199,1.1451,568.4898413,87.2568,null,null,null,null,0,0,0,null
UFD000000001225433,TRUE,TRUE,7.28342265,98.41789199,0.26242823,98.41789199,22.877973,98.41789199,22.61554476,98.41789199,0,0,10.32949372,null,0,0,0,90.22872601,98.41789199,2.91503778,98.41789199,239.8177585,98.41789199,236.9027208,98.41789199,255.8351627,0.369928597,-960.1451748,2092.396942,1.7,98.41789199,22.48427501,53.96184181,91.1604482,2.60401734
UFD000000001325049,TRUE,TRUE,92.96084695,41.58801943,402.3496967,41.54948245,535.9705502,41.54948245,133.6208535,41.54948245,6.118905559,1.38059104,2.85420204,2.067376911,6.118823357,0.72056758,3.442759944,114.6878841,53.63682545,566.1357524,53.63598924,760.3928554,53.63598924,194.2571029,53.63598924,206.0995284,38.64251015,4794.48488,12890.54935,2.4,41.54075416,28.9572211,34.17579419,49.11732211,9.61353806
UFD000000001507230,TRUE,TRUE,274.9965142,98.55937498,2853.908688,98.55937498,3166.471,98.55937498,312.5623123,98.55937498,97.66150818,70.37587621,3.57110156,0.050743262,97.66150818,32.07522702,0.782437405,505.4352041,98.9677049,3102.605322,98.957459,3425.516871,98.957459,322.9115492,98.957459,175.8888127,0.056045638,76724.04702,29761.32989,4.1,98.55937498,86.74969386,53.48529234,96.14550656,14.5647034
UFD000000001333322,TRUE,TRUE,43.35055493,65.75804284,65.57465952,65.75804284,105.7992351,65.75804284,40.22457553,65.75804284,3.544181979,0.89202941,4.66926924,5.234434188,3.544181979,0,3.26805085,149.4843872,70.30542139,330.5717348,70.30542139,513.7550327,70.30542139,183.1832979,70.30542139,226.5390391,3.686041102,-231.5136659,4564.901375,2,65.75804284,34.86310245,35.65186314,58.75872768,1.93441177
UFD000000001173390,TRUE,TRUE,11.43866205,98.89100222,27.95240166,98.89100222,86.64176885,98.89100222,58.68936718,98.89100222,3.760492479,0,2.45865372,null,3.760492479,0,0,50.51067122,98.89100222,102.9474806,98.89100222,355.3064528,98.89100222,252.3589722,98.89100222,null,0,-1888.102028,5599.275469,1.8,98.89100222,82.75493449,64.26827146,93.03031394,4.59678062
UFD000000001530193,TRUE,TRUE,63.79665378,99.88365706,252.7044117,99.09388088,319.8919773,99.09388088,67.18756563,99.09388088,27.43280871,4.98158394,3.3637407,0.675235174,27.43280871,0.97303635,9.086912266,322.8925359,99.88365706,536.7457773,99.09388088,758.3854245,99.09388088,221.6396472,99.09388088,null,0,10022.28958,7928.660233,3.1,99.09388088,79.13912203,53.09056506,91.18186286,4.73716991
UFD000000001418191,TRUE,TRUE,84.44380382,83.93076567,551.5773723,81.93305891,712.385867,81.93305891,160.8084946,81.93305891,25.58017495,9.83405081,4.27070046,0.434276835,25.58017495,7.75553432,3.980378188,147.6829256,83.93076567,566.0290554,81.93305891,794.24842,81.93305891,228.2193646,81.93305891,null,0,887.3500643,17548.1258,2.1,81.93305891,75.80643211,56.05534738,77.63567067,18.2068021
UFD000000014748000,TRUE,TRUE,53.6245033,93.46088501,584.6714306,92.55249682,674.999408,92.55249682,90.32797742,92.55249682,11.73904739,5.50014192,2.01268178,0.365932699,10.60126218,1.27103845,1.969374398,128.4009747,93.46088501,1103.808425,92.92089203,1375.841594,92.92089203,272.0331689,92.92089203,162.4099943,0.423594493,11504.3063,8261.857204,3.2,92.92089203,67.846518,52.53561704,89.85773185,7.96381546
UFD000000014749822,TRUE,TRUE,5.72580612,98.5348,40.1198827,98.5348,78.38977374,98.5348,38.26989104,98.5348,0,0,5.99594059,null,0,0,0,30.20941951,98.5348,181.210929,98.5348,387.5945663,98.5348,206.3836373,98.5348,null,0,null,null,null,null,96.4254,54.7955,96.1737,2.43993899
UFD000000001150246,TRUE,TRUE,39.32230394,72.09940924,194.0077775,71.82000662,288.2350721,71.82000662,94.22729467,71.82000662,6.501008291,1.59796317,4.94180829,3.092567077,6.323027522,0.7085177,1.677030594,104.640662,74.89596902,355.3891355,74.56549523,598.5466991,74.56549523,243.1575636,74.56549523,279.2280567,6.642385567,3086.31907,9041.164132,2.3,71.88416387,54.62737358,48.93268052,70.4950579,6.86510337
UFD000000518092785,FALSE,TRUE,0.44705622,36.50546349,50.65422998,36.50546349,66.94713636,36.50546349,16.29290638,36.50546349,0.223199777,0,0.05389051,null,0.223199777,0,0,3.02705252,37.54286246,338.5241856,37.54286246,451.2849147,37.54286246,112.7607291,37.54286246,null,0,-1087.30229,3065.965767,1.8,36.50546349,27.24187276,25.67167433,36.50546349,1.58058633
UFD000000422581401,TRUE,TRUE,148.4201905,43.7789317,910.0155281,43.7789317,1042.420077,43.7789317,132.4045493,43.7789317,2.490619273,0.65794088,1.061679,1.613638903,2.344119273,0.28104926,2.490619273,212.0819559,43.78005097,1451.528151,43.78005097,1697.951294,43.78005097,246.4231428,43.78005097,1291.29217,17.78950517,25070.11238,11487.211,3.8,43.7789317,31.2463454,26.21186929,43.74215097,5.5915902
UFD000000001293682,FALSE,TRUE,80.77496241,5.026732558,215.8673306,5.003020488,316.1079752,5.003020488,100.2406446,5.003020488,0.525467281,0.19645487,0.35572738,1.810733325,0.468739235,0.09519012,0.143102691,270.197259,5.271441244,479.5912542,5.234985393,742.2322039,5.234985393,262.6409498,5.234985393,802.103804,1.960875686,7758.864872,9231.70296,2.8,5.013933459,2.00361519,1.645767094,4.392164558,4.55796653
UFD000000338905087,TRUE,TRUE,679.3418213,85.42662505,4400.416982,85.42662505,4829.738492,85.42662505,429.3215104,85.42662505,30.7390957,11.6043322,0.60299146,0.051962616,22.2173662,3.13094587,30.58089038,866.3037284,85.42662505,6329.137168,85.42662505,6794.392283,85.42662505,465.2551151,85.42662505,1291.349193,0.001804559,115790.8481,26353.77448,5.6,85.42662505,60.21828771,30.20129115,85.42662505,16.47639853
UFD000000001280307,TRUE,TRUE,54.09248887,43.4895885,247.939457,43.40238097,344.4379374,43.40238097,96.49848041,43.40238097,7.179635466,1.47696227,1.64113966,1.111158825,7.177760496,0.60427915,1.895502946,120.5122555,49.24194301,643.1727653,49.05490848,841.6374828,49.05490848,198.4647175,49.05490848,388.4210734,2.780316264,2156.37022,9969.530056,2.2,43.37461543,31.28415859,30.27488248,44.93616375,7.64618631
UFD000000320147174,TRUE,TRUE,35.95987533,98.43197213,68.91797734,98.43197213,168.1886379,98.43197213,99.27066058,98.43197213,4.788679721,0.34632101,27.61448562,79.73667442,4.788679721,0,4.788679721,124.4849628,98.43197213,235.3824299,98.43197213,581.1033494,98.43197213,345.7209194,98.43197213,null,0,2008.284633,6804.591406,2.3,98.43197213,88.87801161,38.62672317,89.46028483,17.86128792
UFD000000001303007,FALSE,TRUE,null,0,null,0,null,0,null,0,0,0,0,null,0,0,0,null,0,null,0,null,0,null,0,788.8396026,5.580902517,null,null,null,null,0,0,0,null
UFD000000391015072,TRUE,TRUE,252.6812206,93.74276543,169.6065062,93.74276543,340.887832,93.74276543,171.2813257,93.74276543,0,0,0,null,0,0,0,459.380133,94.31048297,310.6527129,93.74276543,702.6220289,93.74276543,391.969316,93.74276543,null,0,10204.1665,15000.37034,2.6,93.74276543,16.53785862,44.84560452,91.73694294,17.80264981
UFD000000001266887,FALSE,TRUE,66.45902204,54.8315298,447.7184202,54.79159543,608.7571489,54.79159543,161.0387288,54.79159543,1.409583983,0.90652352,0.62087522,0.684896979,1.409583983,0.57836641,0,136.0745063,54.8315298,1251.237211,54.8315298,1495.085161,54.8315298,243.8479502,54.8315298,255.8351627,8.779553078,6472.299678,16597.37402,2.4,54.8315298,33.32473039,33.4575369,52.18939317,7.58480163
UFD000000001263168,TRUE,TRUE,60.74496022,23.08079311,323.8621772,23.08079311,468.2341151,23.08079311,144.3719379,23.08079311,4.10486669,1.31155817,1.08180535,0.824824529,4.023313816,0.17419968,1.894975939,232.3262076,32.97372723,613.6553718,32.86649962,845.3483857,32.86649962,231.6930139,32.86649962,356.9980852,27.12992273,8968.816365,10208.38808,2.8,22.96641292,15.79206145,13.88946738,30.94935497,9.00362109
UFD000000041236955,TRUE,TRUE,89.13848306,90.07339007,45.91602736,90.07339007,206.6093041,90.07339007,160.6932767,90.07339007,14.87071487,4.24844915,1.61865011,0.380997878,11.37511138,0,14.87071487,407.8105291,90.07339007,176.8603883,90.07339007,482.6154073,90.07339007,305.755019,90.07339007,255.8351627,8.65528663,-3486.247244,16996.40858,1.9,90.07339007,90.07339007,68.06586807,90.07339007,10.90388226
UFD000000001274318,TRUE,TRUE,206.216431,78.51625528,329.6231008,78.17757464,430.239091,78.17757464,100.6159902,78.17757464,9.027481458,2.69672068,3.34656032,1.240974026,5.630156371,0.48743111,5.449453923,354.9931663,79.80240818,592.7467266,79.66636037,826.2980857,79.66636037,233.5513591,79.66636037,586.952992,13.75124785,17222.78073,11317.10897,3.3,78.1283553,29.15610667,31.34061171,70.41967424,2.64859357
UFD000000001316969,TRUE,TRUE,24.47346501,65.27646833,242.3181288,65.27646833,348.4223193,65.27646833,106.1041906,65.27646833,7.173175836,0.67876084,2.4865511,3.663368529,7.173175836,0,4.338396901,46.27797286,82.94541727,443.6472944,82.94541727,630.6853267,82.94541727,187.0380323,82.94541727,143.6430791,1.751300666,2448.078604,8995.550663,2.3,65.27646833,48.14401022,56.64023084,75.16025034,7.02978643
UFD000000286865810,TRUE,TRUE,1.60747876,88.62619297,15.73175766,88.62619297,44.0753397,88.62619297,28.34358203,88.62619297,0,0,8.40493061,null,0,0,0,11.08981607,88.62619297,92.14824475,88.62619297,310.1207042,88.62619297,217.9724594,88.62619297,313.2567735,11.2434796,-1684.895041,3124.678987,1.6,88.62619297,88.62619297,88.62619297,88.62619297,3.60876687
UFD000000073304059,TRUE,TRUE,30.23244402,42.00257051,383.2025287,42.00257051,464.7002238,42.00257051,81.49769509,42.00257051,4.801302763,1.86140284,1.07780373,0.57902766,4.801302763,0.01130668,1.759764755,133.3191234,49.98075589,602.8966726,48.6166149,794.8949807,48.6166149,191.9983081,48.6166149,255.8351627,12.23545631,8812.532851,8246.418779,2.9,42.00257051,36.31103966,29.77384685,46.31911727,5.26821048
UFD000000001460868,TRUE,TRUE,36.39332054,77.91596625,196.8705022,77.27776817,300.40146,77.27776817,103.5309579,77.27776817,9.720870837,1.71987058,5.39134189,3.13473697,9.720870837,0.65363867,4.670285989,74.69936662,93.54481937,384.1880921,92.79682161,582.0626002,92.79682161,197.8745081,92.79682161,186.1009427,1.458895623,-1130.458012,9983.032128,2,77.39746781,54.34043698,61.45121565,88.47183458,8.10992091
UFD000000001334131,FALSE,TRUE,232.0028951,9.477890522,1186.995,9.477890522,1291.602644,9.477890522,104.6076434,9.477890522,2.161397839,0.92441173,0.05651046,0.061131267,2.161397839,0.08408887,0.832999167,362.6096118,9.477890522,1780.88404,9.477890522,2020.899788,9.477890522,240.0157479,9.477890522,null,0,50613.91136,12008.38219,5.5,9.477890522,3.372496628,0.972499028,4.662595337,2.61697812
UFD000000381827773,TRUE,TRUE,61.23823091,97.2627376,104.2989177,97.2627376,220.3190901,97.2627376,116.0201724,97.2627376,8.971854612,0.25428091,13.96357598,54.91397675,8.971854612,0,4.295285643,158.6269421,97.2627376,261.3819875,97.2627376,564.3818401,97.2627376,302.9998526,97.2627376,null,0,1990.771255,10000.94418,2.2,97.2627376,88.49831951,50.76116708,90.95236858,11.80780228
UFD000000182009287,TRUE,TRUE,54.12911687,90.08869638,362.4866474,89.5867173,473.6509339,89.5867173,111.1642865,89.5867173,10.70436851,3.30672896,4.33054155,1.30961491,10.2699375,1.25105826,2.947206852,146.3730405,90.62175791,546.7503203,90.37542531,796.4276623,90.37542531,249.677342,90.37542531,304.9291094,2.930464511,7398.722314,10521.29298,2.6,89.89735814,72.1232452,50.59117287,81.77580808,7.01696941
UFD000000311049261,TRUE,TRUE,68.51463316,80.99744712,399.3967207,80.60010304,528.3448227,80.60010304,128.9481021,80.60010304,11.30015162,3.88042403,4.42820329,1.141164794,10.63911295,1.56799924,3.257758467,176.2451346,81.92609509,607.4156431,81.68874881,867.9347102,81.68874881,260.5190671,81.68874881,332.9302293,11.52701266,10191.2529,11519.03521,2.8,80.75864404,61.09410876,43.53593871,71.4360469,7.47396877
UFD000000001512564,TRUE,TRUE,20.91992191,52.82914383,206.517277,52.80563655,276.1800201,52.80563655,69.66274308,52.80563655,5.137410779,0.5567987,1.8032432,3.238590895,5.117805887,0.19852408,0.842081203,47.70089555,57.457292,522.2382923,57.43378471,704.9608706,57.43378471,182.7225784,57.43378471,340.3701982,3.854823454,1864.688499,7448.841392,2.3,52.80563655,38.73629284,40.45659886,55.76839097,6.3471066
UFD000000001341544,FALSE,TRUE,81.35202997,35.77593578,104.6868803,35.77593578,243.6589907,35.77593578,138.9721104,35.77593578,0,0,1.21231672,null,0,0,0,256.1045556,42.55624256,817.2286786,42.55624256,1205.205138,42.55624256,387.9764595,42.55624256,null,0,12272.8394,8465.537705,3.2,35.77593578,20.32342032,0,14.47611448,11.90803792
UFD000000001512982,TRUE,TRUE,59.55590828,92.74081149,260.7933283,89.63892582,352.0975988,89.63892582,91.30427049,89.63892582,9.091639649,1.13301066,17.29151936,15.26156811,9.089580865,0.00624186,3.33375326,215.77914,93.89868597,770.7864635,92.4094099,1039.974194,92.4094099,269.1877302,92.4094099,null,0,11035.37444,8241.065644,3.1,92.40631846,73.40736616,31.85614624,62.15375264,18.74746066
UFD000000182010249,TRUE,TRUE,63.10015732,98.55870434,439.9447989,98.14147234,596.0114699,98.14147234,156.066671,98.14147234,19.39174338,5.6589616,4.34742812,0.768237784,18.08373487,2.12882933,5.088103196,124.7212498,98.55870434,722.3312977,98.14159906,967.2156105,98.14159906,244.8843128,98.14159906,255.8351627,2.9693E-06,6948.9521,14232.36978,2.4,98.14159906,68.32622489,45.17723953,86.11947896,7.98187752
UFD000000001517923,TRUE,TRUE,41.53855338,53.3699881,233.6187584,51.45635491,333.5554081,51.45635491,99.93664965,51.45635491,4.988026037,1.20342393,1.60813573,1.336300276,4.988026037,0.46266512,2.256338433,91.38313521,61.4536833,471.9818603,59.32357715,664.7286643,59.32357715,192.746804,59.32357715,261.2622949,25.38836146,2583.754355,9511.501468,2.3,51.28871884,42.44914858,39.96074094,59.64413081,6.62875883
UFD000000364221184,FALSE,TRUE,279.9912072,41.19011165,1356.46199,39.06873584,1607.969987,39.06873584,251.507997,39.06873584,20.6963351,5.85171645,0.62906416,0.107500793,20.6963351,0,0,495.6621662,41.19011165,1741.112347,44.21673474,2055.635625,44.21673474,314.523278,44.21673474,null,0,37110.51123,15017.4914,4.1,41.19011165,14.21416997,17.50970532,31.01409458,0.88462624
UFD000000267523926,FALSE,TRUE,152.2989365,5.134778468,861.2687654,5.061613604,1054.732598,5.061613604,193.4638328,5.061613604,1.524667619,0.33787176,0.37345095,1.105303829,1.2798028,0.09426016,0.561505781,444.1135723,5.135298971,1174.632769,5.131716616,1488.031561,5.131716616,313.3987917,5.131716616,788.8354469,44.9340573,34328.50164,16708.31691,3.8,5.126518952,1.5049572,1.205966552,4.21830405,8.14627318
UFD000000360183642,TRUE,TRUE,61.92990483,94.92648263,16.62745127,94.92648263,78.90772691,94.92648263,62.28027564,94.92648263,25.05382486,0.9736259,24.58582397,25.25181794,23.56230702,0,12.36234217,244.9622395,94.92648263,46.50950854,94.92648263,308.9359368,94.92648263,262.4264283,94.92648263,null,0,-2462.853737,7349.925759,1.8,94.92648263,53.21161658,41.36355648,70.58296618,7.91700491
UFD000000308828416,TRUE,TRUE,9.39531671,0.2968,2647.987392,0.2968,2790.066429,0.2968,142.0790372,0.2968,0,0,0.09605392,null,0,0,0,17.37163073,0.2968,4345.822587,0.2968,4580.804648,0.2968,234.9820602,0.2968,213.4342591,81.7691,135062.1843,14114.04047,9.8,0.2968,0.2968,0.0114,0.2968,24.06988762
UFD000000496082170,TRUE,TRUE,62.72957515,73.28422446,267.8291182,71.34708695,393.3203789,71.34708695,125.4912608,71.34708695,5.824531723,0.17572671,2.21514032,12.60559832,5.112081018,0,1.471699739,125.2750234,82.56644775,517.5698707,80.14859938,720.8281466,80.14859938,203.2582759,80.14859938,258.7277586,6.891396548,4641.411619,10876.7823,2.4,71.78501357,40.63886572,41.56925174,79.33207624,5.00900166
UFD000000356708740,FALSE,TRUE,37.52529242,46.09831419,215.979534,45.99958373,296.2693135,45.99958373,80.28977949,45.99958373,5.558980205,1.96502162,2.88330986,1.467317118,5.40474873,0.80593759,1.812521972,132.4133136,46.36708706,372.9882219,46.35123627,614.9437955,46.35123627,241.9555736,46.35123627,255.8351627,0.412114459,4730.920908,8193.745671,2.5,46.08246339,43.66189382,34.83302522,45.26712383,6.9263483
UFD000000423883985,TRUE,TRUE,174.6620837,78.40229724,128.8021972,77.16330038,278.1063173,77.16330038,149.30412,77.16330038,6.235031672,1.23411724,6.44548292,5.222747654,6.235031672,0,3.362497058,433.9115931,82.58176094,584.1600118,81.34276408,877.200577,81.34276408,293.0405651,81.34276408,654.5545272,1.742110665,2510.227564,13278.82278,2.2,77.16330038,31.49355979,41.89737586,76.94655009,10.39235185
UFD000000455245786,TRUE,TRUE,4.46672972,93.00899545,5.56199572,89.62999839,31.59294064,89.62999839,26.03094492,89.62999839,0,0,0.27966011,null,0,0,0,16.35022812,93.00899545,24.24285962,93.00899545,159.5076632,93.00899545,135.2648035,93.00899545,null,0,-2459.778464,4098.285068,1.6,93.00899545,64.90481538,29.64062659,58.27513011,2.78512926
UFD000000466206960,TRUE,TRUE,3.85350609,90.3,34.10779119,87.77,82.82771156,87.77,48.71992037,87.77,0,0,10.793037,null,0,0,0,21.68181617,90.3,136.2906555,90.3,342.9087855,90.3,206.61813,90.3,null,0,-2525.472129,5580.079123,1.7,90.3,81.54,67.04,85.91,6.59166625
UFD000000481658286,FALSE,TRUE,null,0,null,0,null,0,null,0,0,0,0,null,0,0,0,null,0,null,0,null,0,null,0,1169.80657,97.2918247,null,null,null,null,0,0,0,null
UFD000000485545552,TRUE,TRUE,6673.36,1.417001417,1.06214819,1.417001417,774.2044165,1.417001417,773.1422683,1.417001417,1.417001417,1.25943086,0.03811734,0.030265528,1.417001417,0,1.417001417,17372.5,1.417001417,2.76504248,1.417001417,2015.451448,1.417001417,2012.686406,1.417001417,1169.80657,79.26027926,317306.4786,50119.05597,7.2,1.417001417,0,1.417001417,1.417001417,null
UFD000000001194487,TRUE,TRUE,83.17305101,43.62351729,414.1930352,43.29829017,551.8264292,43.29829017,137.633394,43.29829017,7.857967697,2.3491929,2.02807106,0.863305461,7.675655472,0.84391841,2.119094311,183.4316642,51.24565478,640.7319922,50.58720767,874.3297208,50.58720767,233.5977286,50.58720767,418.4508706,33.25589229,-12445.62607,33266.40246,1.7,43.08497025,31.43400368,28.05125835,45.55839316,8.04171457
UFD000000001165477,TRUE,TRUE,179.5771718,55.76948092,607.3710995,55.40484614,811.686476,55.40484614,204.3153765,55.40484614,10.63027408,3.97014023,1.81920079,0.458220789,10.44099616,1.08275275,1.761467962,364.8264843,62.71973425,799.1137742,62.52877678,1082.18554,62.52877678,283.071766,62.52877678,382.752485,7.693022795,10447.37443,28407.93294,2.3,54.50174275,33.76386169,20.07666152,43.72726028,8.41040326
UFD000000001321893,TRUE,TRUE,107.9251656,98.71010129,635.2974914,93.74880625,820.086847,93.74880625,184.7893556,93.74880625,33.92586607,13.09747832,4.34135527,0.331464971,33.92586607,5.89917504,9.303890696,172.4900051,98.71010129,1035.454107,95.38170462,1267.504017,95.38170462,232.0499101,95.38170462,null,0,2429.573735,20342.1901,2.1,95.38170462,72.23422777,58.01544198,96.63360337,10.51600111
UFD000000001172522,TRUE,TRUE,31.85034302,66.87400532,223.8702706,66.64996566,324.3363552,66.64996566,100.4660846,66.64996566,5.187074644,1.82893418,3.97734756,2.174680534,5.179728554,0.8655782,1.051099671,68.73266849,73.3070345,473.0848585,71.73163037,707.2187453,71.73163037,234.1338869,71.73163037,428.9276239,16.42361133,1896.119736,9498.210466,2.2,66.86540482,55.62335329,56.61184819,70.59531975,7.06447763
UFD000000001195468,TRUE,TRUE,9.64424713,97.26244578,20.9071703,97.26244578,64.75193599,97.26244578,43.84476569,97.26244578,2.161071031,0.05248227,15.91740275,303.2910495,2.161071031,0.00022604,2.142240436,90.4045516,97.39009868,53.22765889,97.39006332,293.9670414,97.39006332,240.7393825,97.39006332,187.8340156,0.041648236,-1417.630951,3969.727344,1.8,97.26244578,17.68473448,35.34642584,81.89495503,1.20422213
UFD000000001520749,FALSE,TRUE,132.4095957,28.4234,1476.841659,26.8608,1665.660695,26.8608,188.8190355,26.8608,7.0783,3.27579142,3.11108565,0.949720312,6.5045,0,0.5738,305.5120188,32.3369,1372.224274,32.8852,1689.025252,32.8852,316.800978,32.8852,1307.536522,0.2603,37104.80191,16594.66965,3.9,27.4954,14.2418,6.3103,20.0251,9.10656062
UFD000000001400154,FALSE,TRUE,30.50588669,17.09866286,153.3822455,16.90487228,240.2011937,16.90487228,86.81894823,16.90487228,1.589496399,0.41464147,0.57822942,1.394528676,1.491505635,0.16950634,0.613965603,72.18358305,19.90859997,407.467093,19.56002752,601.6460848,19.56002752,194.1789918,19.56002752,299.1618509,14.79392843,-91716.5721,100921.3626,1.3,16.98785676,13.55462347,12.00591138,18.6582716,5.181944
UFD000000001325914,TRUE,TRUE,7.20730422,41.23580083,106.3087908,41.23580083,160.0620378,41.23580083,53.753247,41.23580083,1.741765223,0.05368688,1.12141515,20.88806707,1.741765223,0,0.101481856,18.59667078,68.4623459,623.8752556,67.2074216,770.0044318,67.2074216,146.1291762,67.2074216,500.2287168,6.338791312,-874.8781273,5330.332756,1.9,41.23580083,29.56700225,34.13504566,59.48485634,5.94969009
UFD000000001151495,TRUE,TRUE,148.9666511,95.56366379,499.4316686,95.56366379,726.8684347,95.56366379,227.4367661,95.56366379,22.26694221,7.49062268,5.95236921,0.794642777,22.26694221,4.47632281,3.892476442,167.4623301,95.56366379,456.1797637,95.56366379,705.6759116,95.56366379,249.4961479,95.56366379,null,0,-3478.47457,22373.60875,1.9,95.56366379,84.44377933,79.94787846,95.56366379,13.39192427
UFD000000001178731,TRUE,TRUE,68.91414091,48.82806856,300.7093887,47.76488849,432.2664667,47.76488849,131.5570781,47.76488849,5.797781885,2.05060606,1.74507927,0.85100659,5.596841279,0.97913902,1.625876826,157.161123,54.00515035,503.7839602,52.90424344,745.5255487,52.90424344,241.7415886,52.90424344,266.8104675,27.05898396,-142998.3312,161682.6754,1.3,47.56662108,33.7747289,27.46490294,48.04593668,6.77736568
UFD000000001393524,TRUE,TRUE,68.2985941,69.89967537,308.4774526,69.17513807,443.141612,69.17513807,134.6641595,69.17513807,9.0315342,3.36845084,2.83199387,0.840740745,8.585224995,1.61623125,3.283951375,188.6189571,71.11558563,443.3391154,70.53574258,690.8419841,70.53574258,247.5028687,70.53574258,318.3782485,15.61371695,5680.068161,11555.27735,2.4,69.3096659,55.09297428,40.30868713,64.2875012,8.51439932
UFD000000001394070,TRUE,TRUE,51.65605824,68.39864993,454.0377124,68.38259906,562.0510878,68.38259906,108.0133753,68.38259906,13.12768572,5.85748401,2.43099026,0.415022944,13.11685757,3.58593363,1.534215592,134.2038634,70.616703,616.4800391,70.54534124,862.457013,70.54534124,245.9769739,70.54534124,366.6168464,16.4051462,9695.871644,10760.62598,2.8,68.27755959,59.04395463,45.37734922,67.29181433,7.73341749
UFD000000001392426,TRUE,TRUE,42.68277987,97.98593391,311.8357973,97.71712399,408.2025262,97.71712399,96.36672892,97.71712399,11.13515159,3.2323023,5.05589634,1.56417806,10.74123358,1.53599746,3.515144659,92.74576358,97.98593391,510.0421561,97.82577269,749.9859166,97.82577269,239.9437605,97.82577269,255.8351627,1.58723E-05,6592.392329,9698.671867,2.6,97.82577269,86.76253646,68.57398244,93.80167023,6.5878341
UFD000000001396259,TRUE,TRUE,112.6836143,73.12260751,951.6168544,73.12260751,1141.60795,73.12260751,189.9910951,73.12260751,21.73291307,8.93687771,2.72394459,0.304798239,21.73291307,2.10000858,1.672993308,220.137108,77.07769169,1209.472176,76.82779269,1460.611217,76.82779269,251.139041,76.82779269,360.2765072,5.701977192,29216.5831,12949.9604,3.9,67.89592842,47.12311151,32.65446938,71.17181531,9.06739409
UFD000000001196740,TRUE,TRUE,134.5427897,91.52372169,195.2745108,91.37700022,299.3078849,91.37700022,104.0333741,91.37700022,12.22514108,2.78850595,4.40812952,1.580821271,12.22343122,0.65744643,4.480623185,300.3802214,97.15716522,407.225157,97.24951433,645.0982054,97.24951433,237.8730484,97.24951433,null,0,5288.884646,11044.6943,2.4,91.42607549,67.87137744,58.65854176,94.09339022,6.63184531
UFD000000441965238,TRUE,TRUE,10.39682573,99.30628313,151.0289585,98.92838383,198.4692029,98.92838383,47.44024444,98.92838383,5.437348638,2.13414119,7.23893358,3.391965637,5.437348638,0.24492325,0.000527557,45.42971098,99.3529177,343.975279,98.97556367,566.2231585,98.97556367,222.2478795,98.97556367,255.8351627,0.01668567,3129.982467,5075.613931,2.6,98.9289291,93.03319456,76.83936883,96.9978273,5.75603071
UFD000000001299285,FALSE,TRUE,157.127168,8.478268357,648.5499151,8.443608653,780.1260192,8.443608653,131.5761041,8.443608653,2.61322875,0.69101758,0.25632863,0.370943718,2.312352768,0,1.121756342,551.0451745,8.486264402,1171.579765,8.478268357,1463.985599,8.478268357,292.4058339,8.478268357,788.8396026,37.56243988,26193.81904,14437.72141,3.5,8.446607897,2.151768787,2.577910755,6.861207639,8.64353105
UFD000000001433440,TRUE,TRUE,199.3535036,97.12319712,881.5090798,90.9047909,1214.121342,90.9047909,332.6122621,90.9047909,18.98191898,5.7675674,12.95314394,2.245859136,18.002618,4.87358856,7.905807906,249.9812104,97.22069722,566.7447794,97.22069722,905.3057175,97.22069722,338.5609381,97.22069722,null,0,24655.99166,24518.00067,2.9,97.12319712,65.93716594,30.59093059,81.90658191,15.08038718
UFD000000001361646,TRUE,TRUE,4.70891609,94.79431072,79.93655444,94.79431072,121.8671728,94.79431072,41.93061839,94.79431072,5.618585628,1.59647074,6.43103789,4.02828422,5.618585628,0,0,20.08813457,94.79431072,233.6295568,94.79431072,444.7604766,94.79431072,211.1309198,94.79431072,null,0,610.2084505,4955.882868,2.2,94.79431072,84.93302791,71.07928209,94.79431072,2.98670028
UFD000000320144238,TRUE,TRUE,71.42162886,94.00000881,520.6506809,91.84308844,663.1125837,91.84308844,142.4619028,91.84308844,15.48461107,7.17919368,3.70717908,0.516378196,15.33564291,5.58784462,3.228897233,116.5901366,94.00942033,723.6605874,92.40493443,980.201287,92.40493443,256.5406996,92.40493443,144.1767661,0.016913983,7493.583766,13434.85224,2.5,92.20754077,78.71194279,59.07337418,90.64001538,8.58912227
UFD000000272044007,TRUE,TRUE,19.52993858,99.75909976,44.8296093,99.37059937,94.90084103,99.37059937,50.07123174,99.37059937,6.227406227,0.18408166,3.73013044,20.26345503,6.227406227,0.17087307,0,69.38183562,99.75909976,139.5100215,99.75909976,358.378947,99.75909976,218.8689256,99.75909976,null,0,566.9629302,4733.669962,2.1,99.75909976,50.67655068,40.55024055,94.82999483,7.38966345
UFD000000001614122,TRUE,TRUE,43.565321,90.1419,250.3077312,90.1419,411.6238842,90.1419,161.316153,90.1419,5.1779,0.45330191,2.94019654,6.486177259,4.8476,0.17600426,2.4121,63.36912213,90.1419,373.0377445,90.1419,649.6368283,90.1419,276.5990839,90.1419,null,0,5612.558469,13004.77931,2.4,90.1419,84.4742,59.9116,87.4098,5.57866021
UFD000000001233381,TRUE,TRUE,0.97660289,0.015543909,41.30975072,0.015543909,62.83314063,0.015543909,21.52338991,0.015543909,0,0,0.00017694,null,0,0,0,4.54523099,0.027018466,353.1689689,0.027018466,479.1207497,0.027018466,125.9517808,0.027018466,183.3576428,99.938,-1151.836786,2921.356081,1.7,0.015543909,0.013907229,0.01751712,0.027018466,4.57340125
UFD000000001238024,TRUE,TRUE,35.42061984,96.97840906,29.04289566,90.08772974,123.5289425,90.08772974,94.48604685,90.08772974,0,0,2.757505,null,0,0,0,101.9796901,96.97840906,79.79180871,90.08772974,368.4249602,90.08772974,288.6331515,90.08772974,null,0,512.8666502,7118.181936,2.1,90.08772974,63.31571005,69.25999222,93.1664205,3.99466741
UFD000000001399822,TRUE,TRUE,250.6382301,61.2968051,1676.519106,59.62334349,1939.148555,59.62334349,262.6294485,59.62334349,16.03049243,7.77502331,3.27470128,0.421182182,13.84702532,2.24614297,4.484753783,401.7603316,68.01791474,1786.0612,66.98855908,2123.595164,66.98855908,337.5339638,66.98855908,635.1234536,5.674220734,45472.45667,16288.91458,4.3,58.5020828,17.49663786,18.98995017,50.26444373,11.31809489
UFD000000001262670,TRUE,TRUE,43.60183914,34.39639211,320.5114019,33.64244719,426.1191308,33.64244719,105.6077289,33.64244719,6.848584106,1.7734528,1.62897217,0.918531449,6.732241181,0.89081016,0.825577948,174.0616504,43.77332083,747.4036798,43.64725836,970.1116658,43.64725836,222.707986,43.64725836,699.7005342,6.62493743,10128.3886,10203.40998,2.9,32.19822035,19.56155143,15.97037483,32.62043728,8.61688225
UFD000000001528140,TRUE,TRUE,26.16301591,97.7772,236.3789309,97.3789,322.4397533,97.3789,86.06082238,97.3789,6.9583,2.50674928,1.36057532,0.542764819,6.9583,0,0,84.24125001,97.7772,372.1079646,97.7772,622.1787107,97.7772,250.0707461,97.7772,null,0,3783.328121,7596.147087,2.5,97.7772,67.7319,8.2704,42.6261,3.85803403
UFD000000001415661,TRUE,TRUE,173.9510419,73.15140863,2014.667491,72.23861257,2151.673833,72.23861257,137.0063424,72.23861257,16.39526734,4.13206864,3.26051274,0.789075164,13.13414335,1.17873321,7.836736097,372.0736572,75.19848896,2699.776469,74.2856929,2971.240647,74.2856929,271.4641778,74.2856929,686.2427762,16.56206475,32876.50637,12953.5851,4.1,71.86327779,19.55481242,25.550606,66.2402133,2.90677898
UFD000000021578206,TRUE,TRUE,61.4411992,90.15015015,930.5236048,89.5711352,1104.774494,89.5711352,174.2508891,89.5711352,8.561306731,3.45734888,2.00009473,0.578505323,8.561306731,0,1.294039464,142.8469946,90.15015015,476.2461685,90.15015015,675.0357941,90.15015015,198.7896256,90.15015015,null,0,16964.1783,24560.32472,2.6,90.15015015,42.69640689,10.00054963,42.6246546,3.87857572
UFD000000001407308,TRUE,TRUE,170.3069044,65.3554873,771.5358011,63.58769297,918.7839815,63.58769297,147.2481804,63.58769297,15.87442362,8.82636959,1.48143622,0.167842079,15.87442362,4.01525088,1.428887211,256.3401479,71.83706511,1163.473441,71.2471914,1410.038665,71.2471914,246.565224,71.2471914,571.1883864,5.488374123,33541.93732,11274.04322,4.5,63.66359251,20.78585814,23.93186018,56.69032347,10.1086916
UFD000000001300071,TRUE,TRUE,93.59975381,4.353158624,1011.21176,4.353158624,1140.692722,4.353158624,129.4809623,4.353158624,1.041257655,0.06666161,0.19495525,2.924550577,0.540193369,0.05208464,0.59898337,139.3272693,4.353158624,1799.96008,4.353158624,2027.972281,4.353158624,228.0122002,4.353158624,788.8396026,76.22479419,28938.23635,15418.86851,3.6,4.353158624,1.138598476,0.902281948,3.140542572,28.62619192
UFD000000001369311,TRUE,TRUE,52.76616024,76.0422231,452.7300001,75.90952431,545.2824751,75.90952431,92.55247497,75.90952431,10.68345841,3.32018272,3.2194928,0.96967338,10.68292155,1.85302175,1.073893959,180.7527963,76.94955973,688.1015178,76.92468477,930.591862,76.92468477,242.4903442,76.92468477,255.8351627,17.84321588,7575.953856,9690.60074,2.7,75.83764786,58.56456829,45.06196282,70.93308938,6.28667759
UFD000000001342271,TRUE,TRUE,28.93308578,70.74836599,227.3806475,70.74836599,315.7895669,70.74836599,88.40891932,70.74836599,3.421527372,0.55143997,8.21095042,14.8900168,0.783106265,0,2.638421107,107.39612,76.83271466,520.0602263,76.83271466,804.0119072,76.83271466,283.9516808,76.83271466,829.2975619,4.816538532,9234.341204,6980.663753,3.1,70.74836599,26.82231458,24.28429427,46.40387123,14.62106132
UFD000000001492542,FALSE,TRUE,13.56800022,44.64180258,157.3561219,44.43832894,246.9251154,44.43832894,89.5689935,44.43832894,0.702861686,0.02342453,2.45446871,104.7819832,0.673023584,0.00496592,0.114086509,24.34995153,60.28412205,722.187262,60.25142259,926.6165666,60.25142259,204.4293046,60.25142259,96.59725992,2.506975407,953.4493482,6706.327047,2.2,44.58732276,21.95668266,37.24841205,56.6048803,8.28265752
UFD000000182009957,FALSE,TRUE,33.34537782,5.49901289,205.5280412,5.49901289,277.4839617,5.49901289,71.95592052,5.49901289,0.626703134,0.14984741,0.05678344,0.378941751,0.626703134,0.00349442,0.334901675,147.3463538,5.82898407,441.8131439,5.82898407,602.9227352,5.82898407,161.1095913,5.82898407,255.8351627,6.024530123,2965.509558,8144.141994,2.3,5.49901289,5.099488685,4.070361344,5.700227035,6.40281356
UFD000000001352434,FALSE,TRUE,93.08683559,27.85805572,410.3482666,27.85805572,473.77274,27.85805572,63.42447343,27.85805572,2.176804354,0.77929332,4.19595299,5.384305091,1.39490279,0,1.619403239,221.8228599,27.85805572,934.5934225,27.85805572,1177.032306,27.85805572,242.4388832,27.85805572,null,0,17054.11461,6458.00961,4.2,27.85805572,7.528615057,13.95272791,17.61483523,25.67633498
UFD000000267518817,TRUE,TRUE,28.0178286,58.44927529,350.6604531,57.31742948,438.7260696,57.31742948,88.06561657,57.31742948,7.423679653,2.68307023,1.70972987,0.637228892,7.049702362,1.66325007,3.572103333,77.88552782,60.04489472,561.3598663,58.93447059,772.5867911,58.93447059,211.2269249,58.93447059,253.7880369,9.186030053,6896.362047,8716.524076,2.7,56.74247529,45.37526251,44.0867165,58.24433419,11.09166431
UFD000000001522471,TRUE,TRUE,16.34172106,20.4393099,271.8491708,20.4393099,329.0442764,20.4393099,57.19510558,20.4393099,2.854426586,0.98393859,0.57388246,0.583250282,2.854426586,0.53007173,0.086143022,38.4104693,28.00926208,1176.382068,27.12880821,1337.500035,27.12880821,161.1179668,27.12880821,254.4957125,13.95014534,3924.542049,6219.929986,2.6,20.4393099,18.89654008,20.65735028,27.02339763,6.99583173
UFD000000001478095,TRUE,TRUE,null,0,null,0,null,0,null,0,0,0,0,null,0,0,0,null,0,null,0,null,0,null,0,788.8396026,96.2138982,null,null,null,null,0,0,0,null
UFD000000001338072,TRUE,TRUE,79.05520774,55.20673745,51.46844677,55.20673745,134.0404472,55.20673745,82.57200039,55.20673745,1.962126533,1.14081182,16.74309403,14.67647314,1.962126533,1.14081182,0,160.7550309,60.11175745,118.4878317,60.11175745,345.6518124,60.11175745,227.1639807,60.11175745,235.7713239,28.8984967,-45.38884661,9136.20894,2,42.46259523,11.38693226,19.68863193,46.36442569,13.03867708
UFD000000001478973,TRUE,TRUE,101.2776751,80.11067301,354.7489951,79.72920308,483.813931,79.72920308,129.0649359,79.72920308,21.55598372,2.61332668,3.01508167,1.153733168,21.55598372,0.73527842,1.261326287,161.1527225,90.01129398,547.8270061,89.57713209,760.0998731,89.57713209,212.2728671,89.57713209,null,0,7417.819154,14817.52275,2.5,78.489053,33.8921664,35.77824041,72.41158189,11.66209506
UFD000000001298447,FALSE,TRUE,165.2627608,10.26981188,744.2452204,10.13595684,889.9403017,10.13595684,145.6950814,10.13595684,3.236009214,1.59020392,0.43698899,0.274800599,2.912726234,0.27095009,1.088073555,595.9247268,10.27738844,1492.129278,10.2374064,1799.332496,10.2374064,307.2032181,10.2374064,788.2293614,39.19476152,31145.86515,14407.2959,3.9,10.1967716,2.196056428,2.239248191,7.912409337,7.48368853
UFD000000001510190,TRUE,TRUE,116.8739475,66.49340567,672.35333,66.16452734,870.3267903,66.16452734,197.9734604,66.16452734,16.16922751,7.9962352,2.16056525,0.270197811,16.16922751,2.19476645,0.467011178,302.4927919,79.0002503,1210.977575,77.38761345,1484.156718,77.38761345,273.1791429,77.38761345,180.07409,0.516864685,-127398.9625,162174.768,1.4,64.9330563,41.68763116,26.70474209,58.87373232,6.80233206
UFD000000001439344,TRUE,TRUE,66.59206993,87.8485,99.38826413,87.8485,175.7288317,87.8485,76.34056757,87.8485,0.2005,0.03051392,45.87158789,1503.300392,0,0,0.2005,348.4265711,87.8485,536.6118221,87.8485,963.9979874,87.8485,427.3861653,87.8485,null,0,8652.242503,4360.463648,3.7,87.8485,46.8375,52.1524,54.4827,52.9883215
UFD000000001488902,TRUE,TRUE,10.59074855,98.18756197,41.78423004,98.18756197,110.9657486,98.18756197,69.18151852,98.18756197,2.333990664,0,2.98089469,null,2.333990664,0,0,53.21107029,98.86630896,151.638751,98.74435569,366.4716792,98.74435569,214.8329282,98.74435569,180.07409,0.198765479,-2631.221413,7231.066312,1.8,98.18756197,82.50462966,77.41705965,90.63045129,4.35216802
UFD000000001525867,TRUE,TRUE,62.27777511,78.34654843,395.1247806,78.08064656,491.6906895,78.08064656,96.5659089,78.08064656,14.94770463,5.58343807,2.76110351,0.494516725,14.12619888,1.72924478,5.073035511,224.8816919,78.95305267,738.9233937,78.88065216,998.4991042,78.88065216,259.5757106,78.88065216,258.4903923,9.350865456,8269.13414,9615.001626,2.7,78.28074797,64.41645092,52.76566936,73.09751168,8.84726648
UFD000000001522605,TRUE,TRUE,80.03379737,30.6063004,277.7814896,30.35935216,413.5268849,30.35935216,135.7453953,30.35935216,5.095668855,1.47213111,1.13434239,0.770544405,4.981869491,0.69196811,1.08215138,107.3795557,38.50674078,624.9845213,37.77598652,845.0125883,37.77598652,220.028067,37.77598652,303.9308585,39.08818151,4741.799063,13161.94656,2.3,30.4751635,23.70050651,22.4652112,32.67978085,6.26722752
UFD000000001497067,TRUE,TRUE,38.07842668,97.82030407,134.5450376,97.54375396,297.0254049,97.54375396,162.4803673,97.54375396,5.46549287,0.61975529,6.98808167,11.27554985,5.46549287,0,0,84.41721842,97.82030407,211.0097196,97.54375396,493.4314538,97.54375396,282.4217342,97.54375396,null,0,1959.736255,12908.81504,2.2,97.54375396,55.20206448,35.8287457,93.07680379,10.25960485
UFD000000001524292,TRUE,TRUE,90.92900138,67.54810746,135.7534067,67.54810746,245.0191787,67.54810746,109.265772,67.54810746,0.86381065,0.00647858,3.69246552,569.9498223,0.86381065,0,0,146.7926199,82.26166566,287.5377002,82.26166566,533.2885495,82.26166566,245.7508494,82.26166566,226.6966652,7.990620634,-2825.985832,10719.78714,1.8,67.09789391,52.96067255,55.80048107,82.26166566,8.31887191
UFD000000001496118,FALSE,TRUE,108.3350677,49.04155096,73.36474435,49.04155096,178.2182787,49.04155096,104.8535343,49.04155096,0.885399115,0.81554112,1.55655154,1.908611966,0.885399115,0,0.885399115,310.3585529,49.04155096,216.4965984,49.04155096,614.7236827,49.04155096,398.2270843,49.04155096,null,0,8976.657238,7619.25403,3,49.04155096,9.307390693,8.913891086,38.41526158,4.36296947
UFD000000467335302,TRUE,TRUE,56.38174476,50.31307509,327.2907169,49.68637226,437.6478064,49.68637226,110.3570895,49.68637226,6.238054529,1.86389949,1.83023198,0.981937057,6.180661746,0.61926225,1.734488406,140.399983,53.08965159,535.5381155,52.18145037,772.6811979,52.18145037,237.1430824,52.18145037,415.6178789,7.642287604,5784.091011,10474.42045,2.5,49.73335275,40.33206204,34.56736123,49.76340669,5.46018269
UFD000000001541180,TRUE,TRUE,46.36287086,68.58448512,328.5608321,68.31349816,423.8164838,68.31349816,95.2556517,68.31349816,10.58572756,2.74490646,2.22835022,0.811812808,10.47949161,0.92820435,1.72625815,143.5347145,72.58758275,514.7211835,72.34804928,745.9420344,72.34804928,231.2208509,72.34804928,345.1320009,7.821255371,7673.27132,9660.964774,2.7,68.12490076,55.27311848,45.09000176,65.82602327,6.0107589
UFD000000486443151,FALSE,TRUE,null,0,null,0,null,0,null,0,0,0,0,null,0,0,0,null,0,null,0,null,0,null,0,788.8396026,0.40319634,null,null,null,null,0,0,0,null
UFD000000001569474,FALSE,TRUE,null,0,null,0,null,0,null,0,0,0,0,null,0,0,0,null,0,null,0,null,0,null,0,788.8396026,50.56256729,null,null,null,null,0,0,0,null
UFD000000001574734,TRUE,TRUE,42.96803112,95.0113941,304.9099901,95.0113941,452.6513239,95.0113941,147.7413338,95.0113941,11.1051227,0.14489515,4.85964877,33.53907132,8.456731918,0,6.316401004,69.52077755,95.0113941,451.904441,95.0113941,703.1714479,95.0113941,251.2670069,95.0113941,null,0,6565.007615,13856.1109,2.4,95.0113941,78.87906855,54.48789546,83.83767682,9.15845594
UFD000000001570626,TRUE,TRUE,47.14923906,95.67233019,308.7816211,95.67233019,426.3349707,95.67233019,117.5533496,95.67233019,10.96063335,3.50122956,4.2772319,1.221637093,10.96063335,1.98558562,1.356570619,99.42515282,95.67233019,540.8874903,95.67233019,810.8423142,95.67233019,269.9548238,95.67233019,788.8396026,0.686003064,-1367.380465,11710.45186,2,95.67233019,84.79421307,77.1656407,95.67233019,12.43121834
UFD000000267533924,TRUE,TRUE,48.01436515,32.86858533,287.9275709,31.89869335,377.7386333,31.89869335,89.81106238,31.89869335,4.147066304,1.22679189,1.63790161,1.335109584,4.07648421,0.4996533,1.598767675,100.5090242,42.05276628,484.3947332,40.77395049,672.4933783,40.77395049,188.0986451,40.77395049,142.8666517,38.88942988,4858.118682,9838.841351,2.5,31.88264564,23.49789649,24.46818215,37.1485473,7.44782825
UFD000000377874109,FALSE,TRUE,21.61911455,29.83020987,103.7879833,29.70780556,162.138883,29.70780556,58.35089964,29.70780556,1.469954088,0.23455183,1.14880878,4.897888795,1.466691981,0.08647473,0.291040688,69.95716944,32.77710505,286.5097355,32.56911416,491.1756569,32.56911416,204.6659215,32.56911416,378.8623897,10.15081578,667.0461627,6188.551127,2.1,29.69701657,23.08731806,22.23851211,30.12155492,3.19336914
UFD000000320134226,TRUE,TRUE,51.84520713,51.8576849,166.2129927,51.7472444,276.1565694,51.7472444,109.9435767,51.7472444,5.35029447,0.6030338,6.13333205,10.17079316,5.253764843,0.01035977,2.669355881,136.4344007,63.66780414,355.5253537,61.22556056,611.3582836,61.22556056,255.83293,61.22556056,201.2733621,7.448142585,2076.314747,9155.547077,2.2,51.80420544,41.44210107,40.24104935,57.97186829,11.61753693
UFD000000319537450,TRUE,TRUE,30.37639254,72.64514529,207.2438141,72.64514529,284.9919213,72.64514529,77.74810714,72.64514529,0.761801524,0.11716507,16.09817431,137.3973857,0,0,0.761801524,144.6243844,72.84294569,500.5228272,72.84294569,857.4380443,72.84294569,356.9152172,72.84294569,829.2975619,9.02991806,9267.38575,4706.840508,3.6,72.64514529,41.88678377,37.6500753,47.33859468,31.33083841
UFD000000321283704,TRUE,TRUE,69.7818208,86.94798695,512.3270318,86.94798695,567.0228916,86.94798695,54.69585979,86.94798695,8.068108068,5.05594309,18.51121666,3.661278683,6.868706869,0,8.068108068,302.7543039,86.94798695,1621.89016,86.94798695,1964.408676,86.94798695,342.5185159,86.94798695,null,0,17718.25503,4388.61856,5.3,86.94798695,48.6015486,23.25922326,59.99325999,32.19228726
UFD000000336031964,TRUE,TRUE,4.68604071,94.8993,47.78299548,94.8993,87.55226527,94.8993,39.76926979,94.8993,0,0,5.48056735,null,0,0,0,29.07357694,94.8993,245.0303353,94.8993,463.6416038,94.8993,218.6112685,94.8993,null,0,213.0719002,3788.197916,2.1,94.8993,90.0612,45.0429,77.275,4.64693048
UFD000000451077072,TRUE,TRUE,null,0,null,0,null,0,null,0,0,0,0,null,0,0,0,null,0,null,0,null,0,null,0,1169.80657,58.57375857,null,null,null,null,0,0,0,null
UFD000000474363859,FALSE,TRUE,null,0,null,0,null,0,null,0,0,0,0,null,0,0,0,null,0,null,0,null,0,null,0,788.8396026,13.83572359,null,null,null,null,0,0,0,null
UFD000000481658256,TRUE,TRUE,80.47474875,99.79301062,687.0719465,99.11999715,772.8670143,99.11999715,85.7950678,99.11999715,38.1381673,9.87163878,1.16618855,0.118135254,38.1381673,2.3849792,3.38763294,288.1262642,99.79301062,1262.070282,99.11999715,1498.206669,99.11999715,236.1363869,99.11999715,null,0,24874.67899,8549.657567,4.4,99.11999715,74.65871477,49.97166626,94.02475785,8.00949261
UFD000000497788858,FALSE,TRUE,null,0,null,0,null,0,null,0,0,0,0,null,0,0,0,null,0,null,0,null,0,null,0,1169.80657,96.8675,null,null,null,null,0,0,0,null
UFD000000001166763,TRUE,TRUE,0.59515149,49.89199957,58.5674884,49.89199957,74.62603192,49.89199957,16.05854352,49.89199957,1.023104092,0,0.24227105,null,1.023104092,0,0,3.76730293,63.94175577,521.0744017,62.91925168,631.2501833,62.91925168,110.1757816,62.91925168,142.4213223,4.343317373,-227.5568976,2644.934603,2,49.89199957,30.86362345,47.04298817,62.63105052,8.12543626
UFD000000001180489,TRUE,TRUE,34.87431745,54.41440577,184.4578313,52.97526909,260.8837462,52.97526909,76.42591493,52.97526909,9.257892653,1.20777184,5.90462858,4.888860946,9.257892653,0.4182039,6.574110739,91.08992702,81.00813564,248.8315205,78.46454756,411.4764206,78.46454756,162.6449002,78.46454756,131.7398575,8.411529893,-2964.057268,10492.83937,1.8,52.07520869,44.840927,47.56060733,69.91112391,7.78255482
UFD000000001272332,TRUE,TRUE,171.1715094,90.90431856,49.00942138,90.90431856,190.1365042,90.90431856,141.1270828,90.90431856,9.100081094,0.19306181,4.87785944,25.26579151,6.647774826,0,6.295902624,231.2389569,90.90431856,165.8888219,90.90431856,408.747937,90.90431856,242.8591151,90.90431856,null,0,3208.535445,13070.66305,2.2,90.90431856,59.26751787,36.29063304,84.1050557,9.39093809
UFD000000474363847,FALSE,TRUE,0.09295415,18.66116268,28.35002028,18.66116268,38.78414973,18.66116268,10.43412945,18.66116268,0,0,0.02991834,null,0,0,0,1.47863167,29.27504145,407.2417557,21.38335723,524.9899289,21.38335723,117.7481733,21.38335723,null,0,-623.8732432,1857.061372,1.8,17.36616527,4.089691821,18.1490637,20.21905956,3.94672772
UFD000000001414635,TRUE,TRUE,58.30604092,72.81816702,291.4344128,72.14741574,418.1059231,72.14741574,126.6715103,72.14741574,13.14065544,4.60427017,3.68830325,0.801061431,13.14065544,3.12000203,4.769063631,103.8677657,78.069028,402.480289,77.61942672,642.885617,77.61942672,240.405328,77.61942672,207.5752523,5.407179018,-2423.734802,12704.40075,1.9,72.36856574,61.58781124,56.06134845,75.85330559,9.01869327
UFD000000001386633,TRUE,TRUE,87.8260226,98.89646467,752.6646548,97.83049314,851.8498031,97.83049314,99.18514833,97.83049314,35.77421274,10.82455765,2.30503301,0.212944777,35.77421274,1.97138548,2.946586239,300.3680023,99.16536021,1269.188435,97.88155935,1513.136703,97.88155935,243.948268,97.88155935,null,0,26064.5576,9740.435221,4.3,97.88155935,65.94232964,44.88832018,90.71959794,8.48021834
UFD000000001475033,TRUE,TRUE,100.2122778,52.43388974,338.5938661,51.80721922,502.7559882,51.80721922,164.1621221,51.80721922,6.122092207,2.16437245,1.8283317,0.844739869,5.749824655,0.93142849,1.57345933,192.7075508,52.58905279,434.0071819,52.28290193,688.193248,52.28290193,254.186066,52.28290193,199.5780148,7.070954087,5842.668962,15193.17301,2.4,52.12715092,36.89183741,27.80431,46.98637521,6.84696951
UFD000000320140272,TRUE,TRUE,null,0,null,0,null,0,null,0,0,0,0,null,0,0,0,null,0,null,0,null,0,null,0,54.2407811,96.62804837,null,null,null,null,0,0,0,null
UFD000000001436894,TRUE,TRUE,72.35507629,96.20378591,361.2085304,96.20378591,614.1217923,96.20378591,252.913262,96.20378591,5.435173967,0.01889049,7.73051103,409.2276606,3.733328101,0,1.701845866,86.46342736,96.20378591,350.9417385,96.20378591,668.7671185,96.20378591,317.82538,96.20378591,null,0,12585.90551,20102.10977,2.6,96.20378591,87.18420885,50.51559641,85.92236867,6.39861835
UFD000000001451987,TRUE,TRUE,null,0,null,0,null,0,null,0,11.44331144,7.30995167,0.00959626,0.001312767,11.44331144,2.39978488,6.397506398,2393.949481,11.44331144,5925.946763,5.045805046,6178.904075,5.045805046,252.957312,5.045805046,568.4898413,64.53446453,null,null,null,null,3.214203214,0,6.397506398,0
UFD000000001471563,TRUE,TRUE,116.0051537,14.26711631,182.5929826,14.26711631,315.8133791,14.26711631,133.2203965,14.26711631,3.63669046,0.36106843,0.93319611,2.584540858,3.368568278,0,1.150230652,280.2172297,14.46090386,399.9171109,14.32216987,663.1539876,14.32216987,263.2368767,14.32216987,788.8396026,38.7787504,7031.801289,13808.10606,2.5,14.26711631,2.617278914,4.094066586,12.51795944,13.85751816
UFD000000001300805,FALSE,TRUE,490.93,82.70217745,3422.489114,82.70217745,3697.260747,82.70217745,274.7716333,82.70217745,82.70217745,75.34995387,3.05998057,0.040610251,82.70217745,71.39678979,0,760.4,82.70217745,3547.290633,82.70217745,3832.08185,82.70217745,284.7912172,82.70217745,null,0,156979.626,27043.75748,6.8,82.70217745,0,0,82.70217745,null
UFD000000014743715,TRUE,TRUE,38.99237722,94.1854,267.2680403,89.0526,360.1151934,89.0526,92.84715308,89.0526,7.2437,2.04869553,0.99412424,0.48524743,7.2437,0,0,170.101286,94.1854,457.5172153,90.8473,689.9887882,90.8473,232.4715729,90.8473,255.8351627,1.5889,11345.62167,9795.607548,3,90.8473,72.8106,51.1058,79.6694,8.68480908
UFD000000014741594,TRUE,TRUE,26.16543368,98.01920198,124.2082005,98.01920198,192.2959142,98.01920198,68.08771373,98.01920198,4.088695911,0.55905742,2.86793054,5.129939139,4.088695911,0.0763111,0,90.7872118,98.01920198,322.6159261,98.01920198,571.7968363,98.01920198,249.1809103,98.01920198,null,0,-597.3216391,6511.951678,2,98.01920198,72.97502702,56.68764331,90.94680905,8.72829879
UFD000000320131824,TRUE,TRUE,20.17035925,78.88420075,71.72243837,77.04331955,128.1151043,77.04331955,56.39266596,77.04331955,3.974923049,0.97874323,2.09530496,2.140811702,3.974923049,0.29977803,1.212057894,73.34115548,78.88420075,206.7482281,77.04331955,408.2062105,77.04331955,201.4579824,77.04331955,255.8351627,0.064099791,-992.3806014,7114.778406,1.9,77.04331955,66.61047226,58.80863114,77.36711013,4.96780835
UFD000000001358793,TRUE,TRUE,55.08243036,96.19728229,396.2553541,96.19728229,507.753741,96.19728229,111.4983869,96.19728229,14.85237117,4.20816638,2.06553518,0.490839713,13.89940787,1.84488514,3.083408474,125.3787314,96.19728229,525.3422082,96.19728229,775.9140905,96.19728229,250.5718823,96.19728229,null,0,3458.561317,10372.45406,2.3,96.19728229,73.50194677,56.75873603,90.40535779,9.89181198
UFD000000001372077,TRUE,TRUE,98.95968465,98.76950246,826.6473966,98.66800266,970.9656045,98.66800266,144.3182079,98.66800266,15.58046884,6.85710848,4.19009261,0.611058236,12.57507485,2.18479662,5.403689193,179.9379204,98.76950246,969.0902346,98.66800266,1203.642401,98.66800266,234.5521661,98.66800266,null,0,17466.5209,15707.74675,3,98.66800266,85.15472969,67.76476447,97.98150404,8.40825313
UFD000000001315171,TRUE,TRUE,35.53080095,95.52920447,17.46648643,94.81980518,123.7469491,94.81980518,106.2804626,94.81980518,2.575497425,0.26579133,0.78389484,2.949286721,2.575497425,0,2.575497425,81.15800179,95.52920447,89.86021868,95.52920447,476.3664921,95.52920447,386.5062734,95.52920447,null,0,-2581.824205,7906.386583,1.8,95.52920447,84.61251539,68.37323163,94.81980518,3.20938071
UFD000000001222195,TRUE,TRUE,22.83530494,7.513890284,329.5883575,6.964262731,402.2485014,6.964262731,72.66014389,6.964262731,2.17805482,0.85547317,0.16399048,0.191695644,2.17805482,0.34262037,1.307662966,285.4263724,21.08716509,351.378526,16.81663212,491.735947,16.81663212,140.357421,16.81663212,680.504288,74.05562813,11764.46951,6988.250571,3.4,7.513890284,1.12280951,3.764682981,10.83325543,9.49991695
UFD000000001207150,TRUE,TRUE,17.46255398,99.96999964,89.69738377,99.87209847,150.2904644,99.87209847,60.59308066,99.87209847,8.9417073,0.47768075,6.49451994,13.59594235,8.908806906,0.0985133,0.546206554,81.14744059,99.96999964,268.4169009,99.94939939,503.9751749,99.94939939,235.558274,99.94939939,null,0,457.6561111,6363.472281,2.1,99.94939939,92.5420105,75.66760801,96.26435517,5.4906825
UFD000000001288392,TRUE,TRUE,80.39813957,94.43311962,696.4922713,94.43311962,881.2680691,94.43311962,184.7757978,94.43311962,19.95214403,12.55953645,3.19494891,0.254384302,19.95214403,10.89467509,2.363484781,109.7035286,94.68614732,816.5041553,94.68614732,1054.588186,94.68614732,238.0840312,94.68614732,null,0,6746.335378,18399.66815,2.3,94.43311962,74.5262094,52.29076452,92.66018912,11.61694762
UFD000000001469388,TRUE,TRUE,44.79367601,96.52850281,278.5695807,95.96019599,375.141125,95.96019599,96.57154434,95.96019599,11.96414357,3.9406604,5.08854053,1.29129131,11.73864086,1.85324001,3.549442593,118.7968585,96.52850281,461.9563591,96.2527995,710.1982289,96.2527995,248.2418697,96.2527995,184.8655702,2.18108422,4813.704479,9609.412853,2.5,96.2527995,85.59427159,68.26486364,92.34855265,7.43320492
UFD000000001518420,FALSE,TRUE,44.5030027,56.32992042,275.2559244,56.04969796,372.7190693,56.04969796,97.46314491,56.04969796,6.185801291,3.17204405,2.66948532,0.841566283,6.185801291,1.45174325,1.154523143,143.1352769,56.96854005,410.2502659,56.75731958,632.6563971,56.75731958,222.4061312,56.75731958,305.0055921,7.120592343,2412.552902,10926.95484,2.2,56.05969705,50.10924627,36.00408227,52.94634372,5.17866438
UFD000000001229432,TRUE,TRUE,60.47404329,97.66417052,104.8097184,97.66417052,221.6282275,97.66417052,116.8185091,97.66417052,8.990343705,0.25962041,13.8980085,53.53203356,8.990343705,0,4.38547986,154.6171809,97.66417052,258.3777718,97.66417052,562.1412422,97.66417052,303.7634703,97.66417052,null,0,1955.474627,9958.947445,2.2,97.66417052,89.52536465,51.48534157,91.74640251,11.67077871
UFD000000001460744,TRUE,TRUE,null,0,null,0,null,0,null,0,0,0,0,null,0,0,0,null,0,null,0,null,0,null,0,192.0934834,41.35361662,null,null,null,null,0,0,0,null
UFD000000447420627,TRUE,TRUE,7.36990914,79.05872809,0.40170369,79.01780388,23.80219772,79.01780388,23.40049403,79.01780388,0,0,20.99932339,null,0,0,0,65.71377204,79.05872809,3.87774966,79.01780561,238.6065047,79.01780561,234.728755,79.01780561,null,0,-311.2097128,2264.605161,1.9,79.01780561,2.063174512,17.26655996,78.84995597,0
UFD000000001459381,TRUE,TRUE,3.41814186,3.082506365,47.64840399,3.082506365,86.12782028,3.082506365,38.47941628,3.082506365,1.268878651,0.98908998,0.25959049,0.262453867,1.231245514,0.25419993,0.732124787,1781.553609,5.06406542,957.8768509,4.725839767,1270.351611,4.725839767,312.4747602,4.725839767,719.195324,54.0640274,-1209.010203,5226.845843,1.9,3.082506365,2.184626247,2.651728052,3.799178346,2.42610597
UFD000000001514136,FALSE,TRUE,51.35461694,58.59346306,253.1534884,58.25258203,350.9754998,58.25258203,97.82201134,58.25258203,8.49837819,2.49035577,2.50321238,1.00516256,8.149738543,0.87846696,2.60395281,182.0762287,59.94256361,464.5628467,59.76778312,703.4623996,59.76778312,238.8995529,59.76778312,302.9791623,6.713108225,4645.90596,9922.830208,2.4,58.39966827,49.88542275,37.07958362,55.59181585,6.44558165
UFD000000001463314,TRUE,TRUE,44.81054934,87.9617828,325.4758689,87.32745095,461.297571,87.32745095,135.8217021,87.32745095,6.688726686,1.98286498,3.56103546,1.795904157,6.277934018,1.05273702,1.292850558,79.13272813,88.19312459,430.846282,87.7961624,677.3945328,87.7961624,246.5482508,87.7961624,165.1374482,0.024715526,7795.837585,13066.61575,2.6,87.57446972,66.70372472,48.44291592,80.44743533,5.82857206
UFD000000001459591,TRUE,TRUE,26.76233409,32.14071463,175.2471618,31.83388507,249.200744,31.83388507,73.95358225,31.83388507,4.078298919,0.54331085,2.76879082,5.096144905,4.078298919,0.00869499,1.645813299,150.8864929,37.80794579,419.7048854,37.03713453,621.6924302,37.03713453,201.9875447,37.03713453,263.1898268,18.05508691,2363.478025,7940.208317,2.3,31.43617345,23.83936179,19.62706422,31.47919886,6.70355496
UFD000000001281327,TRUE,TRUE,33.18030462,4.22502778,157.6017382,4.22502778,212.446294,4.22502778,54.84455575,4.22502778,8.679349694,5.5884549,0.86610806,0.154981668,8.679349694,1.29560148,5.111590109,3473.140149,13.17910201,1403.669019,13.17910201,1772.429082,13.17910201,368.7600635,13.17910201,836.4391212,68.48174081,null,null,null,null,0,0,9.056984367,null
UFD000000001251006,TRUE,TRUE,13.9269052,95.51569103,41.44443802,95.51569103,119.9766342,95.51569103,78.53219615,95.51569103,0,0,9.25387558,null,0,0,0,60.71961587,95.51569103,149.8026453,95.51569103,428.7237883,95.51569103,278.921143,95.51569103,null,0,461.1570783,6344.449606,2.1,95.51569103,52.47980496,32.69636539,85.46177092,7.71099643
UFD000000001457602,TRUE,TRUE,47.64506088,97.46952757,199.4209601,96.95304513,396.7122557,96.95304513,197.2912956,96.95304513,7.00608211,0.89680681,10.06379979,11.22181464,7.00608211,0.01869956,0.120036863,103.6048864,98.07541256,262.6789442,98.05360881,564.05964,98.05360881,301.3806959,98.05360881,190.2341708,0.028468331,2888.561875,13878.48983,2.2,97.46952757,60.88795312,36.75906736,90.16342963,9.73494451
UFD000000001408286,TRUE,TRUE,31.86914858,95.31112836,134.550879,93.33391258,229.4086854,93.33391258,94.85780642,93.33391258,6.123296851,0.89327184,2.91907951,3.267851262,4.171248179,0.55471513,1.952048672,83.39342248,95.31112836,369.2926278,95.31112836,655.0417575,95.31112836,285.7491296,95.31112836,null,0,4268.33121,6932.952433,2.6,95.31112836,55.68392112,25.37583379,88.15288418,2.90728717
UFD000000001393351,TRUE,TRUE,61.67444787,79.4404415,933.5747482,79.4404415,1026.27539,79.4404415,92.70064149,79.4404415,38.46621531,6.05346233,2.63622211,0.435489967,38.46621531,1.32716487,2.846211835,367.8027472,93.46275829,1157.132354,90.79562183,1387.529329,90.79562183,230.3969752,90.79562183,281.6866119,0.786195214,24913.01887,10273.61118,4,78.6749415,48.9092026,50.73455422,84.46198596,7.28518983
UFD000000267541944,TRUE,TRUE,null,0,null,0,null,0,null,0,0,0,0,null,0,0,0,null,0,null,0,null,0,null,0,568.4898413,92.004792,null,null,null,null,0,0,0,null
UFD000000001456408,TRUE,TRUE,26.24196632,88.42770058,114.7041645,88.11037188,199.0682374,88.11037188,84.36407287,88.11037188,7.148630077,0.32215313,3.70649631,11.50538662,6.931121664,0,2.145637136,67.09811138,96.55656591,299.7817511,96.21228573,508.2538004,96.21228573,208.4720493,96.21228573,238.26063,0.962866518,-944.707926,8776.28247,2,87.8831809,72.04559385,64.90974077,91.57423577,5.006959
UFD000000001316930,TRUE,TRUE,349.9556917,90.98960527,2511.032233,89.18015911,2908.171059,89.18015911,397.1388257,89.18015911,45.47638461,31.05845732,3.2859247,0.105798065,45.47638461,23.19677397,2.529541013,221.112348,90.98960527,1256.955877,89.18015911,1501.405911,89.18015911,244.4500338,89.18015911,null,0,46153.13896,46384.2025,2.9,89.18015911,63.1462361,51.38478632,87.09374574,8.98301093
UFD000000001540244,TRUE,TRUE,44.84569442,98.33120229,223.9508028,98.33120229,378.2991364,98.33120229,154.3483337,98.33120229,8.477436522,2.76822394,2.98295287,1.077569205,8.477436522,0,0,81.02669037,98.33120229,437.5015461,98.33120229,694.6866911,98.33120229,257.185145,98.33120229,null,0,1579.325986,16574.87402,2.1,98.33120229,90.10490327,55.51973893,93.71777252,4.11727256
UFD000000320160537,TRUE,TRUE,75.19364382,68.27529977,417.3604449,67.84896036,564.4830584,67.84896036,147.1226135,67.84896036,11.99870542,3.55211316,2.93976958,0.827611466,11.55161957,1.78725527,4.238705809,149.4358201,68.27529977,568.1856024,68.0112667,810.0348036,68.0112667,241.8492013,68.0112667,null,0,7472.612914,14157.20926,2.5,68.0112667,60.0178696,47.15970819,66.47609906,8.08671976
UFD000000267536623,TRUE,TRUE,null,0,null,0,null,0,null,0,0,0,0,null,0,0,0,null,0,null,0,null,0,null,0,568.4898413,100,null,null,null,null,0,0,0,null
UFD000000001269089,TRUE,TRUE,30.19823254,98.25510523,62.09382089,98.25510523,149.2703548,98.25510523,87.17653387,98.25510523,11.53576539,1.12479541,2.48914027,2.212971575,11.53576539,0.2522098,3.094690716,129.7157553,98.25510523,142.3438956,98.25510523,379.6891277,98.25510523,237.3452321,98.25510523,null,0,-4290.014098,10200.20473,1.7,98.25510523,87.14213857,70.18538944,96.11511165,4.51704219
UFD000000001294809,TRUE,TRUE,77.54385132,97.34104222,315.8776321,95.45274033,517.0639825,95.45274033,201.1863504,95.45274033,0.525308509,0.46987841,9.84070928,20.94309734,0.525308509,0.46987841,0,127.384527,97.74560821,327.7997344,96.73157909,600.4174895,96.73157909,272.6177551,96.73157909,143.1689791,0.078130276,13349.08224,16528.04087,2.7,97.34104222,63.33481487,22.80248609,71.21698168,12.38182875
UFD000000001300128,FALSE,TRUE,null,0,null,0,null,0,null,0,0,0,0,null,0,0,0,null,0,null,0,null,0,null,0,788.8396026,5.533781387,null,null,null,null,0,0,0,null
UFD000000001287032,TRUE,TRUE,54.27081992,64.87390872,162.9060029,64.87390872,277.7339284,64.87390872,114.8279255,64.87390872,6.454620728,2.42528832,3.93268075,1.621531229,6.454620728,0.6070888,1.388901389,68.42190221,80.21822407,547.7564945,80.21822407,737.9109079,80.21822407,190.1544134,80.21822407,null,0,2610.789652,12434.70738,2.2,64.87390872,51.55992607,52.88459401,77.73452571,4.47120998
UFD000000001373958,FALSE,TRUE,64.90241742,22.76269761,444.1476361,22.68088113,551.8023906,22.68088113,107.6547545,22.68088113,4.29885333,1.27004941,0.5837069,0.459593852,4.274505857,0.24968138,0.563082786,134.8380662,29.09421621,739.3985001,28.83726378,945.5890993,28.83726378,206.1905992,28.83726378,307.0039783,13.23271302,9011.341738,10684.77428,2.8,22.41072737,16.27818464,14.40700432,22.92201847,7.33623274
UFD000000410639465,TRUE,TRUE,35.78527311,85.66298513,188.264853,85.25182587,277.3635547,85.25182587,89.09870169,85.25182587,9.153372588,1.78411041,6.29659676,3.529264066,8.91015897,0.73247132,2.172073698,99.21061293,85.7710202,357.1210957,85.52882209,601.2694307,85.52882209,244.1483349,85.52882209,243.8341729,12.14678911,2920.752002,8872.39037,2.3,85.40774245,71.42099245,56.54144897,80.0722618,7.69362956
UFD000000121945989,TRUE,TRUE,6.78013666,99.98360277,21.62871063,96.69515852,51.83261654,96.69515852,30.20390592,96.69515852,3.219255946,0.03090486,12.96863479,419.6309186,3.219255946,0,3.219255946,83.20600717,99.98360277,68.63613868,96.69515852,313.2906771,96.69515852,244.6545384,96.69515852,null,0,-863.6362189,2729.029332,1.8,96.69515852,30.09001479,50.52736088,90.01328775,1.79894841
UFD000000001473260,TRUE,TRUE,233.5867328,80.32800164,144.9925682,80.32800164,283.659427,80.32800164,138.6668587,80.32800164,13.05376527,4.94220108,3.24001013,0.655580394,11.42675713,0,6.340631703,545.9544057,80.32800164,328.6946812,80.32800164,655.4948477,80.32800164,326.8001665,80.32800164,null,0,8194.67202,15211.37395,2.5,80.32800164,34.0807704,21.65380827,75.28197641,7.26939805
UFD000000001473542,TRUE,TRUE,139.5021136,91.89271856,330.3974119,91.69490441,465.8458265,91.69490441,135.4484146,91.69490441,10.15799143,2.54848932,4.85122616,1.903569351,8.582675119,1.00314959,3.801650084,340.0577052,91.89271856,519.755031,91.82704706,808.7487396,91.82704706,288.9937087,91.82704706,255.8351627,4.294636128,12015.61913,11568.1877,2.9,91.82704706,48.89887789,31.41816452,80.2958516,5.97999719
UFD000000001405598,TRUE,TRUE,13.71747917,99.12464526,52.32243355,99.12464526,111.4797989,99.12464526,59.15736531,99.12464526,1.70828722,0.58662583,4.25344734,7.250699036,1.70828722,0,1.70828722,110.7246441,99.29967722,186.7667186,99.29967722,432.0584516,99.29967722,245.2917331,99.29967722,212.2457818,0.088508137,-696.255798,6343.1527,2,99.12464526,90.63385385,53.78403904,90.72783618,3.64080925
UFD000000486018120,FALSE,TRUE,null,0,null,0,null,0,null,0,0,0,0,null,0,0,0,5.6,35.54453554,2023.342742,35.54453554,2131.978696,35.54453554,108.6359545,35.54453554,829.2975619,19.35131935,null,null,null,null,0,0,0,null
UFD000000001478799,TRUE,TRUE,196.3748085,80.94797621,304.378113,80.17647929,420.9397373,80.17647929,116.5616243,80.17647929,10.87045652,4.90866999,5.24634275,1.06879109,10.87045652,1.63390377,4.791580834,395.7045839,87.24835101,442.1018982,84.75756097,697.8801764,84.75756097,255.7782782,84.75756097,null,0,9006.502408,12759.54582,2.6,80.17647929,50.53709785,41.24083504,82.23237107,9.72630781
UFD000000001320660,TRUE,TRUE,59.46584673,81.53725154,352.983863,81.2557265,482.7021805,81.2557265,129.7183175,81.2557265,10.53602745,3.58195252,4.38643055,1.224592042,10.25504138,1.65809797,3.240432617,136.5394264,81.67764575,446.8543234,81.48261748,702.0852717,81.48261748,255.2309483,81.48261748,172.6086608,0.007861904,5009.71729,12137.12885,2.4,81.45158777,67.36987963,51.12506275,72.22772563,8.61950503
UFD000000314251023,TRUE,TRUE,57.96989536,72.46374495,470.3894447,71.68563398,557.8229945,71.68563398,87.4335498,71.68563398,20.20930156,2.71508676,2.79070439,1.027850907,20.20930156,0.52497477,1.589596675,293.0751569,77.17557809,805.1403137,76.79846356,1012.55193,76.79846356,207.4116167,76.79846356,357.0342259,1.62227194,11005.95934,10406.48767,2.9,71.40574585,39.3719954,35.56537701,62.16374205,6.51325697
UFD000000001540226,TRUE,TRUE,32.08390282,99.05022622,326.2084989,99.05022622,433.0475481,99.05022622,106.8390492,99.05022622,12.29668858,2.80002557,1.97578854,0.70563232,12.29668858,2.44414832,2.382248856,58.25499943,99.05022622,515.0196885,99.05022622,762.9790327,99.05022622,247.9593442,99.05022622,null,0,-1141.733045,11384.46955,2,99.05022622,78.35658575,78.66717104,99.05022622,10.11521635
UFD000000001345385,FALSE,TRUE,41.14954771,70.64947065,567.4005802,68.72266872,711.0678551,68.72266872,143.6672749,68.72266872,1.959401959,1.86789789,10.02406046,5.366492737,1.959401959,1.86789789,0,80.02413962,70.64947065,645.3159968,70.64947065,963.9933501,70.64947065,318.6773533,70.64947065,null,0,16439.16824,10484.27554,3.3,70.64947065,67.13976714,31.16323116,64.18286418,9.82759863
UFD000000001390741,TRUE,TRUE,54.1294318,34.55153455,285.7482338,33.89213389,395.1172043,33.89213389,109.3689705,33.89213389,2.447602448,0.74245721,0.39931641,0.537830874,2.447602448,0.37405977,0.150900151,117.0233399,44.3005443,524.7294214,43.9025439,698.2998527,43.9025439,173.5704312,43.9025439,255.8351627,22.31692232,6571.4443,10723.26262,2.5,33.74713375,21.72842173,20.7986208,38.8982389,3.18728982
UFD000000001310719,FALSE,TRUE,218.9349614,43.52081924,1278.444633,43.33829837,1493.614438,43.33829837,215.1698044,43.33829837,13.07267265,1.60835219,6.04356168,3.757610875,8.344722342,0,5.7645076,350.3567249,43.52081924,2047.726999,43.52081924,2355.381468,43.52081924,307.6544696,43.52081924,788.8396026,0.640802195,49744.32621,18836.25626,4.3,43.33829837,11.56962426,10.68318856,39.8566211,11.10390287
UFD000000001308030,FALSE,TRUE,169.3062654,9.731626772,909.5203542,9.687130215,1109.208669,9.687130215,199.6883152,9.687130215,3.326535803,0.81046902,0.45963232,0.567118926,2.983444002,0.21913188,0.90889142,396.5509849,10.19831607,1201.848351,10.2186059,1497.977271,10.2186059,296.1289203,10.2186059,788.2888891,27.39870007,37198.56088,18162.7322,3.8,9.68733164,2.228611467,2.789300484,8.294880872,14.6173542
UFD000000001531901,FALSE,TRUE,111.3623782,50.53459868,345.1202105,49.42342312,530.0413305,49.42342312,184.9211199,49.42342312,4.887758868,1.88420414,1.66649845,0.884457482,4.328096826,0.47996261,1.420822275,219.5689694,51.67935279,521.9672755,50.14908016,809.9069778,50.14908016,287.9397023,50.14908016,156.2009273,0.01382998,-26526.24634,55786.31352,1.7,49.59808872,26.12055017,18.28951214,43.67048823,7.74312561
UFD000000001570916,TRUE,TRUE,62.53894097,98.85145797,252.4809214,96.5681261,397.5757156,96.5681261,145.0947943,96.5681261,11.57492066,3.79878845,5.15249492,1.35635216,11.57492066,2.35974603,2.657571646,142.4836855,99.11322529,316.9130161,96.82942136,615.1390246,96.82942136,298.2260085,96.82942136,193.2935587,0.002036172,-1855.799675,12269.88572,1.9,96.56815765,81.55903382,69.77944758,99.10075887,10.39079533
UFD000000227862195,TRUE,TRUE,101.4220359,55.58211116,774.0267058,55.0979102,914.9721915,55.0979102,140.9454857,55.0979102,15.63773128,5.69617751,2.07865919,0.364921772,15.09433019,1.20054856,3.197806396,368.8046554,60.43012086,1020.625254,60.18862038,1285.538793,60.18862038,264.9135396,60.18862038,642.1442407,12.10952422,19616.07336,13011.67318,3.3,55.12921026,42.78568557,26.42105284,50.07980016,7.49805119
UFD000000001505859,FALSE,TRUE,33.9299729,92.15718174,39.64619573,89.99589699,154.5986822,89.99589699,114.9524865,89.99589699,0,0,1.32480608,null,0,0,0,168.4445779,93.54040398,125.6891432,92.7911586,474.416473,92.7911586,348.7273298,92.7911586,null,0,4604.489777,6646.18841,2.6,90.5818453,83.569677,15.00411902,42.08261551,5.60434413
UFD000000001498592,TRUE,TRUE,76.41032503,37.8142902,355.4022561,37.53189602,494.4414625,37.53189602,139.0392063,37.53189602,5.820688644,1.79781028,1.45934639,0.81173548,5.711850214,0.98769876,1.670279144,121.8207159,41.8685492,540.2332084,41.10190289,779.4890761,41.10190289,239.2558678,41.10190289,352.6728611,41.68802432,5383.473706,13081.88944,2.4,37.36519221,30.29925452,27.88848029,40.46909423,7.91612645
UFD000000001542750,TRUE,TRUE,44.41468828,55.70865033,240.5979796,55.41012318,339.73465,55.41012318,99.13667041,55.41012318,5.395990071,1.88991814,3.16484963,1.674596144,5.301622225,0.73387456,1.038009496,109.3082912,59.59813744,439.8487191,59.53667126,677.7097097,59.53667126,237.8609906,59.53667126,376.4649275,23.18005185,4249.547915,9409.662255,2.4,55.4071622,45.02989869,40.0636512,55.08670593,6.91030217
UFD000000001547075,FALSE,TRUE,3.66214867,52.65510531,8.57366478,44.36358873,22.18419299,44.36358873,13.61052821,44.36358873,0,0,0.90211871,null,0,0,0,56.19050655,58.12121624,173.6088085,58.12121624,481.8967792,58.12121624,308.2879707,58.12121624,829.2975619,3.505707011,380.3191875,1178.76994,2.3,52.65510531,29.16015832,0,0,1.19803522
UFD000000267524452,TRUE,TRUE,105.2773157,86.6449403,429.6641344,86.6449403,639.8944163,86.6449403,210.2302819,86.6449403,9.125889647,1.66095813,6.93720737,4.176629889,7.687288223,1.48349948,4.004187444,213.8105181,86.6449403,653.1504071,86.6449403,956.2110408,86.6449403,303.0606337,86.6449403,788.8396026,4.687196692,19601.81338,12260.84573,3.3,86.6449403,17.59059231,18.28618144,77.85878105,4.93841413
UFD000000267532511,TRUE,TRUE,128.2358496,90.55849056,1046.592086,89.93818994,1334.545296,89.93818994,287.9532093,89.93818994,9.901609902,1.09747401,5.50193719,5.013273335,7.457307457,0.75327954,6.910606911,159.9531036,90.59369059,552.8456559,90.59369059,879.3508063,90.59369059,326.5051504,90.59369059,null,0,21044.02544,22013.59089,2.8,90.55849056,75.06957507,19.70721971,77.38857739,9.84787146
UFD000000242114557,TRUE,TRUE,31.06690283,98.1708159,333.007338,98.1708159,437.1452701,98.1708159,104.1379322,98.1708159,10.94433283,6.53824638,5.43861426,0.831815436,10.94433283,0,3.708511126,79.67379352,98.5584819,641.5657984,98.5584819,877.1972371,98.5584819,235.6314387,98.5584819,255.8351627,0.098157226,2604.086741,11278.54006,2.2,98.1708159,81.26476518,59.69156424,95.75017242,4.02671149
UFD000000267537624,FALSE,TRUE,10.84253172,3.996088012,132.554677,3.996088012,211.5508881,3.996088012,78.99621115,3.996088012,0,0,0.21773989,null,0,0,0,38.3049273,3.996088012,394.3679672,3.996088012,638.021059,3.996088012,243.6530919,3.996088012,829.2975619,5.6334831,4816.738935,8061.924795,2.5,3.996088012,0.859697421,0.509698471,1.986394041,4.62740773
UFD000000308828364,FALSE,TRUE,null,0,null,0,null,0,null,0,0,0,0,null,0,0,0,null,0,null,0,null,0,null,0,788.8396026,6.07922507,null,null,null,null,0,0,0,null
UFD000000308410529,FALSE,TRUE,null,0,null,0,null,0,null,0,0,0,0,null,0,0,0,5.4798422,23.34532335,2765.108746,18.67011867,2873.7447,18.67011867,108.6359545,18.67011867,null,0,null,null,null,null,0,0,0,null
