,0,1,2,3,4,5,6,7,8,9,10,11,12,13,14,15,risk_factor,Temperature,Rainfall,Open,High,Low,Close,Adj Close
0,0.0,0.163144982440245,0.22119927632778133,0.2691903678074328,0.8111125509230132,0.0342001329736123,0.4784002905621071,0.12909158229193393,0.4803253538124903,0.8863905813970583,0.5244701518129788,0.42492466198733486,0.3016911214779671,0.44841985612903174,0.3809718473163434,0.8349483615814166,0.5332957774457509,0.5458265139116203,0.1865779180676594,0.2968291838613167,0.3964642763586796,0.35047985911844415,0.4045410984594801,0.4045410984594801
1,0.0,0.2889166355446652,0.09424370574621843,0.1610973160412876,0.6215210483226654,0.2608718266480492,0.53306209410269,0.10921704532290992,0.2864217935673831,0.0,0.2636923996890992,0.411884994648117,0.3226905367840648,0.2861317348408005,0.19925952073578293,0.8349416977182401,0.18772830883777203,0.33960720130932875,0.04326112979101382,0.41238605709869786,0.401205388431702,0.4006504189582337,0.38680614545111797,0.38680614545111797
2,0.0,0.10947034722240936,0.5639782931464152,0.06403572295589727,0.3926298961277328,0.3810946940242701,0.4917203436273628,0.36070677244565924,0.9850209373763985,0.4137605122720813,0.41433679016453856,0.8920506939587924,0.3700812621954157,0.5627034157674584,0.5118822873520951,0.16237856002037537,0.6230784183825476,0.11456628477905051,0.02939987953368863,0.39426608451335815,0.42407993731578336,0.43665872090706204,0.43514326322155733,0.43514326322155733
3,0.0,0.3050920614246824,0.2127878256183698,0.434343586635264,0.7087840308662909,0.9311072962379081,0.1153204603925417,0.5113039052562551,0.3464588688491192,0.6255324593422209,0.33782040485661424,0.5559735757256823,0.30912809435981287,0.2708074339044827,0.34101618871637407,0.24350101548549571,0.5380934313729039,0.019639934533551395,0.030680787148226935,0.4428960901365994,0.4467237605790562,0.2800255061374143,0.3063879401892527,0.3063879401892527
4,0.0,0.8905013502380067,0.06456460194079269,0.4838754772583124,0.6283383817686429,0.3659414382098396,0.6088541561181603,0.7225355019217226,0.8476941349200379,0.4324043789768436,0.5764604182233103,0.3127960786384821,0.7595006730555368,0.4644394243027586,0.3936226371623816,0.6493602691215354,0.9511648817124586,0.12929623567921422,0.026205234947429424,0.31242800278239485,0.33965039433925664,0.3253116655706998,0.31745458502782115,0.31745458502782115
5,0.0,0.11292427032645182,0.9105298399363754,0.3277156807331075,0.5020651563423629,0.3112548041032627,0.30095138042249,0.5145225411370011,0.4316078062817085,0.435432041265004,0.6342227774564025,0.00597655457260401,0.6400262531570531,0.33868552160721677,0.2882364209609755,0.199540401077712,0.514162312462222,0.5057283142389526,0.11573152786355281,0.32319389106106716,0.29713222799683797,0.28258247150486215,0.2545655483157356,0.2545655483157356
6,0.0,0.9534668485206076,0.6170759734873845,0.49272393407403403,0.3343827055754133,0.1794801413233844,0.41416963238239,0.32874908001176606,0.1357817057900151,0.4996949007467724,0.4932831016748308,0.7483692429465562,0.20531973650760812,0.4678511758381948,0.39060255191635657,0.7410968495690311,0.735890083352723,0.678396072013093,0.08855798775513317,0.2593907266336673,0.2981806998243574,0.30301291248206597,0.310046784095053,0.310046784095053
7,0.0,0.09960174474595614,0.3735467645373953,0.8941610693774927,0.7532583579172045,0.1719845304870213,0.62355255438171,0.8713507709746106,0.4820877629971388,0.4109982205646588,0.013413847453010478,0.6033523066741922,0.3124599250105931,0.3380176709189597,0.3432213418446437,0.08561841893316634,0.6309699724401249,0.8322422258592472,0.16830973566031548,0.32876021566693986,0.3071617413003626,0.32509483849434084,0.272004729337548,0.272004729337548
8,0.0,0.08081472599484343,0.07549827317580217,0.765856674265382,0.5676441939758835,0.2376656205662194,0.02304967752617787,0.1695411401947601,0.4926562157592669,0.30212038366495103,0.9875937274264873,0.6363874271420382,0.3588450688159485,0.494342412216738,0.42467831828845765,0.827942689188291,0.6463914550787412,0.8060556464811786,0.6894027768247216,0.27688864453792567,0.2557219052436986,0.22559540266818112,0.16531842366216082,0.16531842366216082
9,0.0,0.35724684293689907,0.16359102655111693,0.4426998886811127,0.060471682302290414,0.1525732546315864,0.1190958661285344,0.11738097109556066,0.6630585787821334,0.6660668008656504,0.0746143016366484,0.3867230226686635,0.5276551848321137,0.31783505214112945,0.33024702267600736,0.9630005250084633,0.4388610686873561,0.7569558101472995,0.7823524478297001,0.16824708546565753,0.2070120755208809,0.1960720486111111,0.20292325709135323,0.20292325709135323
10,0.0,0.022526892525702107,0.023211011965068418,0.21283709109194426,0.12862753584815972,0.4388338331711502,0.9386797213984117,0.5213863087373406,0.1604649844225938,0.6284323623443774,0.6007671533927121,0.5047323058832387,0.42968097300422,0.38732943095761596,0.3541342653042164,0.45090189325197766,0.5625500827688775,0.7160392798690673,0.8202688381100512,0.2064713767553124,0.22157161560995658,0.2485700746253786,0.2064020631446189,0.2064020631446189
11,0.0,0.25224785291227114,0.4243440919130181,0.9996178891892386,0.1967054205982715,0.383101475790557,0.7085167811468611,0.017207223875834756,0.5931757031447744,0.5684646012756804,0.5811133425774566,0.6324151377216736,0.47548243396870055,0.206986616125927,0.015122769988582935,0.00990603825190192,0.4202967823269773,0.670212765957447,0.5058975121419367,0.2096801991751684,0.2094584239257124,0.18648812993185077,0.14996911349223258,0.14996911349223258
12,0.0,0.1938135917355147,0.30268967102739885,0.7350649669563625,0.28371725983396867,0.3822856374217409,0.5455908878663998,0.1656105814870513,0.3087692878836967,0.4108305699932347,0.3123722777091629,0.3310454252846701,0.5198029207133987,0.4641072607945915,0.9382716025966105,0.9104583208027419,0.5743008183895356,0.5908346972176757,0.17232019640583424,0.15280545893751624,0.13593531903757478,0.0,0.01678327053359341,0.01678327053359341
13,0.0,0.19351190789997563,0.22514763184939107,0.5005484937454158,0.15760822033346372,0.3046026954755017,0.2415500769401511,0.6567642907487914,0.3568927840897017,0.47075529858054743,0.3388522977848906,0.40096031410847166,0.32147093760033607,0.959632139650548,0.08149064649766566,0.6869245326688923,0.40675259097492844,0.3486088379705403,0.06890215543203947,0.017059147762703952,0.035713112813817116,0.031901788916786245,0.0,0.0
14,0.0,0.2598721433717529,0.21591851465550274,0.3546037056878551,0.17478732163539712,0.1621139366167453,0.2434358572958233,0.8802463138285073,0.5776689334139398,0.4483559295333363,0.6331133552954532,0.42317599058864125,0.08840966712034175,0.02266448687418024,0.45884151057708367,0.170099405748266,0.22982525581800572,0.19394435351882167,0.013129303049017587,0.0,0.018555510794198427,0.04054837572732345,0.026242322409174013,0.026242322409174013
15,0.0,0.18082734840922415,0.2260219769709101,0.35104941229897724,0.48988939261617576,0.1497784323578508,0.2206839893980687,0.6502223732675901,0.1850929121480258,0.5009633023943115,0.44160029406457835,0.867263615141986,0.8973385053311091,0.2540730688009925,0.34304226489720197,0.23316693064344923,0.42483269167153737,0.1260229132569557,0.0,0.027261912519811304,0.023402101116420937,0.05214728548939901,0.015394303933911835,0.015394303933911835
16,0.0,0.1737929644160931,0.20160164506309647,0.30761825070213794,0.9178555872130492,0.04648476337489016,0.5063292404995863,0.12904443577321825,0.4812141446587008,0.8874152252668015,0.5267108940857944,0.4222985521234702,0.2666349306895929,0.4429633079420067,0.3821135782080898,0.7911697909212597,0.5543703289268617,0.27905073649754497,0.006564651524508792,0.015349984258377691,0.0,0.054175042095090054,0.0010995684680436546,0.0010995684680436546
17,0.0,0.28971443808466313,0.08288622378207784,0.1014734848508123,0.6017690094855912,0.2640844212682949,0.5497439199561314,0.049703742437130424,0.3302516140876514,0.12878105743879312,0.2945184754178519,0.38161815382999964,0.3088143285443307,0.26395106792394596,0.16333750104779904,0.32418470123396687,0.07894462378880629,0.5155482815057284,0.024306746875881576,0.0012377142281945752,0.020256782225665737,0.03656304175633668,0.03419026829784605,0.03419026829784605
18,0.0,0.13572622782617083,0.5542896874687575,0.06662736063366448,0.3814956258882947,0.3899198201819967,0.5150068439127508,0.3556352237111029,0.8766645023334683,0.3962885519279093,0.4234001202419785,0.9999999999999999,0.36944131215969206,0.5758401613922868,0.47879184537732217,0.2154638077547148,0.636157775419402,0.7446808510638299,0.061582683348963455,0.03519229432401799,0.07220430480045809,0.0909229971205962,0.09244943727652655,0.09244943727652655
19,0.0,0.30274559604053164,0.21402944200153165,0.43337545362429486,0.6561080240413742,1.0,0.09728615171231642,0.5074978388772369,0.3472940222955126,0.633419484526358,0.3655603884117055,0.5601718811106362,0.3050834926898991,0.2515996903887143,0.3465899092887774,0.666308186505508,0.629935597270132,0.8559738134206221,0.1957272581715044,0.09476504565582067,0.2030490426206824,0.156346239588315,0.21784171978788064,0.21784171978788064
20,0.0,0.726210718811741,0.04117830011487716,0.48455780639447577,0.6182051191212852,0.3739977549680162,0.5774537767786808,0.7417840262826038,0.7964876258792609,0.4362492270035183,0.6064856673416568,0.3707164250311938,0.6582819690557404,0.45595076382128163,0.3937670586159591,0.685723457938651,0.9031513760965074,0.8608837970540097,0.3535457505127443,0.22203086560248647,0.22728862686895485,0.24109676390881551,0.19754102329194972,0.19754102329194972
21,0.0,0.08429373063118027,0.9853858367863376,0.28541973171727164,0.50007807455362,0.309928232410384,0.3135338420914668,0.5032164124471398,0.4324522075083653,0.4257503135941346,0.6569307914504035,0.055184934318903395,0.6509385677138018,0.325736115113564,0.284546321274493,0.5962777177615707,0.6019432869155091,0.7839607201309327,0.9172690526838608,0.20132412527837212,0.22419601490553193,0.2124661246612466,0.24195561423269868,0.24195561423269868
22,0.0,0.9301576791831645,0.6204266133902676,0.4960504272239668,0.3482575575205514,0.2108234539350393,0.4145785824465728,0.3327528067010769,0.1290574528143811,0.5020751856355873,0.49944105752696855,0.7288189553497076,0.22731595567959498,0.46790700556909726,0.39274975040029325,0.9324205013427385,0.7889510508780039,0.7855973813420625,0.5820352707061002,0.24605118064085513,0.23395513555436093,0.2679037392395983,0.24525438243342984,0.24525438243342984
23,0.0,0.07759408806414517,0.38505689491194334,0.9224732308722814,0.735899249708987,0.2065165802361607,0.6248011237881653,0.8571501257386898,0.4982113130989919,0.41864299531733123,0.0949133356628688,0.5903497317177657,0.30832338319177044,0.3352711300339545,0.3386271432280149,0.07792215148817472,0.6459746269504846,0.7250409165302782,0.45666643793316414,0.2497708463620864,0.2793020894481311,0.29636219960545196,0.2995074423076645,0.2995074423076645
24,0.0,0.03409767961035048,0.07130743540793484,0.8504004517251597,0.5309673674563495,0.2285909153905349,0.09934006290057867,0.1724939709316682,0.4832556797941675,0.27377993308902204,0.8435866752631707,0.6391659829229929,0.3712793078994738,0.5277325538313961,0.42920190434086236,0.27903184874460313,0.5238444970585451,0.5687397708674302,0.23389525530471114,0.3054340924208134,0.2917449811542952,0.3105053403475211,0.25163332386988574,0.25163332386988574
25,0.0,0.3618714006637714,0.19405672546411415,0.4367374838559579,0.05565146588204911,0.1764387900706661,0.02404185752955917,0.09252196735768568,0.706658803246178,0.6351063996561699,0.033253551153393,0.371385595056903,0.5756004430565643,0.3038426629357707,0.33695407268197103,0.804120631356944,0.3991790152048068,0.332242225859247,0.14557972506232988,0.25632598658211364,0.2859488290111292,0.2915032679738562,0.29291631115941424,0.29291631115941424
26,0.0,0.040179942511080244,0.09354906010191712,0.18064260659618364,0.07610341359574248,0.412955691647664,0.8933212013592249,0.530710054950421,0.1298684771775132,0.6175788058291175,0.6389400143423392,0.5065772491554649,0.42872283524608074,0.3872294484533279,0.35375720866318633,0.858848341952215,0.6239101303750668,0.1612111292962355,0.019569784957831345,0.2992129060966027,0.29700698062522973,0.34321060995536423,0.3145673229476548,0.3145673229476548
27,0.0,0.2552911832535185,0.44468684789997887,1.0,0.18018026408045962,0.38251849755051,0.668366328939679,0.09360095325400403,0.5943163833734744,0.5536437335096843,0.5704619958884767,0.6298231733845684,0.46441207851289207,0.20810853561655543,0.09594370829616077,0.00838716049949684,0.452905441624334,0.07364975450081812,0.004780530204259014,0.3203256095250148,0.3087443014055781,0.3205164992826399,0.27354155053220436,0.27354155053220436
28,0.0,0.17582499380008695,0.30334336018644165,0.6483454318075951,0.2781891268768175,0.3711077243147688,0.5202542745813316,0.2077990463873126,0.2698772723759968,0.4206455539981281,0.32445796881983785,0.28718276325847236,0.5196440095927294,0.4524757867024318,0.974941992459104,0.2230542858791676,0.41071543115395703,0.24386252045826518,0.012610840443133032,0.278565064956335,0.26669434773100703,0.30896220657978635,0.2787179998730253,0.2787179998730253
29,0.0,0.1629169670279861,0.22721420642637766,0.4974697030538704,0.1643214401391226,0.3048481610887439,0.2494916201241647,0.7071263349099035,0.3507851439395027,0.4708163588768403,0.3613982086066333,0.37737894593079346,0.33104710868305115,0.9465234717384933,0.10454917249184373,0.9881289247557964,0.4595670582021686,0.6775777414075286,0.028347705421746448,0.2855786723305384,0.3112104189328177,0.34211383359238,0.32074694797534026,0.32074694797534026
30,0.0,0.26209823672384536,0.21434914584032305,0.34293405005903715,0.12233693294469485,0.1289970596214088,0.2009213735427327,0.9845432405617985,0.5860829827806888,0.4515556418373008,0.6515403785735776,0.42805382530556846,0.0,0.06742496004081384,0.4548814849862465,0.6112949239960338,0.3128737013399706,0.8306055646481179,0.11273511897954361,0.32665161209496335,0.3204552204263588,0.3708783551530368,0.32446369034644823,0.32446369034644823
31,0.0,0.19815881096692486,0.24089253665536964,0.34947265272592715,0.47399611835207306,0.113710235377385,0.1926311748936779,0.7072466614929205,0.1842621017939809,0.5048840730674172,0.4438898033175124,0.9238227735584611,0.9999999999999999,0.26753420064345246,0.34119516386055754,0.9495484892915566,0.6214423246518416,0.8952536824877253,0.21439953643343473,0.3304759661592533,0.30450437200259534,0.323124526741591,0.2998096195474262,0.2998096195474262
32,0.0,0.14042376009797652,0.20565502060746915,0.30573868421475164,1.0,0.08072824485311028,0.4857538356090367,0.18787488119329346,0.4796041081130027,0.9347856687110941,0.5092212911055822,0.41776374602311606,0.27629576879651613,0.46491736793523164,0.38211000819398266,0.35014293443789146,0.4974283062195094,0.8396072013093292,0.5335285192555487,0.3053096431137933,0.3161163810168,0.34539133488761353,0.3289006469242947,0.3289006469242947
33,0.0,0.2855285428149491,0.048474991983356405,0.11365899339043233,0.6515222570971816,0.2538000098756747,0.5282503622908377,0.051326921212040744,0.2961553213523982,0.028658244956474236,0.25294379961595964,0.3797600387263069,0.3272732378275181,0.27947915002763896,0.22049001195094117,0.2011770936764094,0.026476824637043594,0.7610474631751227,0.9688693702966674,0.3348831727333998,0.3307220919878516,0.3791296155149051,0.33598692926446533,0.33598692926446533
34,0.0,0.15489465124090393,0.5983208614082647,0.12439128354196005,0.3813722483858238,0.4014681057281411,0.503174339725689,0.3498820316056065,0.9610825777959193,0.4120315594575758,0.4253211457895626,0.9003501745818207,0.3699604982416659,0.5465041749856668,0.4835698713703303,0.633811399836938,0.74222550827048,0.7430441898527005,0.8165404820177345,0.34241408249428645,0.34025699086396083,0.3948541243224932,0.3404624429547835,0.3404624429547835
35,0.0,0.29912091940898095,0.2121323289985863,0.4409353026680229,0.6294400090802259,0.8035090377833194,0.1008282305539406,0.4900073494804379,0.3450345726491883,0.6315656648299536,0.36935295887186553,0.5541054049907465,0.29806707650468783,0.2606711493204034,0.3399562377314246,0.9550758527355905,0.6384989326092098,0.6833060556464812,0.5856950067476383,0.3468016560071508,0.40932257721355575,0.40175989857325045,0.4211700777465867,0.4211700777465867
36,0.0,0.7264688951185818,0.06863725465645117,0.4886015331885067,0.6484636226901827,0.3630839302385078,0.6329567143740916,0.7232701496800589,0.7606696089977334,0.4338144940077442,0.6169104263695987,0.3250729544990771,0.7368780965371425,0.4569342090785479,0.3893258243309588,0.79842057301668,0.9467213238671718,0.599836333878887,0.2396974618205662,0.4289540585726483,0.4370965199389952,0.4698676993663319,0.4195946366428586,0.4195946366428586
37,0.0,0.06575895425624134,1.0,0.2744069541909635,0.5027221857091638,0.3098561799807807,0.3024011377026334,0.5233494604252598,0.428593944613817,0.4166767885423302,0.6467036545504824,0.0,0.6358762104783315,0.33062982777272876,0.28438292634249024,0.7028573435245673,0.6058249016032505,0.38707037643207864,0.18336040013114052,0.437074343880039,0.4442707795370651,0.43839950233142033,0.399660483901809,0.399660483901809
38,0.0,0.8324845627956026,0.6445338532158672,0.4910054115490146,0.3346615903590042,0.187424891010992,0.4148959231055903,0.3300646701944042,0.04860199852679808,0.5009641861461763,0.5015303080194105,0.7399772303073605,0.17838508477795337,0.45363147820656813,0.3901238160691928,0.3996038006113024,0.6196012428740235,0.07937806873977071,0.05793819620759853,0.4080901898069366,0.41905529610281694,0.44232742258488766,0.43461596017037724,0.43461596017037724
39,0.0,0.04711150373086818,0.4018625305984256,0.9445398141900504,0.7994387780147899,0.1690554220858335,0.6717119103893767,0.9289874088297523,0.4897926940284486,0.41630295034642784,0.08762389729849349,0.600852007332375,0.2877897602511095,0.3303363245021018,0.337897693222766,0.9131715163042635,0.8414719238059537,0.005728314238952592,0.016743292390036354,0.44822669010440636,0.42350624639873563,0.4034943283715925,0.35377331268832307,0.35377331268832307
40,0.0,0.09242219058008834,0.06554932407771405,0.8529954104436854,0.5419415641563772,0.2259126868944245,0.02171506069409357,0.20918439343803663,0.4863015796531773,0.28010584476523315,0.9910918738015229,0.6265372791141982,0.372176439630528,0.5027829316211808,0.42491435781387726,0.5366786801231027,0.607772617448061,0.20785597381342047,0.03987587395259118,0.3643846931445251,0.3467784830553507,0.3730209080583453,0.3315692512428546,0.3315692512428546
41,0.0,0.3412843274232044,0.17767899150007613,0.4427859099096227,0.04852433270364094,0.1761527101830573,0.1203734814169117,0.14321779645348748,0.6878163272135516,0.6584076660963742,0.0,0.38176748712191994,0.5596470352453765,0.30832352733798446,0.33845269831660263,0.41713272101209886,0.3158493525137803,0.4795417348608837,0.05353126405757984,0.34404471375348383,0.3827487554468118,0.39476489020404915,0.3959372734808891,0.3959372734808891
42,0.0,0.025944600709342777,0.04166934647542847,0.16999279829004885,0.12393495828783767,0.427265971982012,1.0,0.5494592872310454,0.196544022469512,0.606691711500034,0.6248335090332313,0.5068728476604104,0.426847613927956,0.3872343155662851,0.3533328885627597,0.7287520343266981,0.6355053425888523,0.642389525368249,0.11276561677988975,0.4033751854349033,0.39230348783986474,0.4387693288697593,0.38510209691035074,0.38510209691035074
43,0.0,0.2509845579356681,0.4351087913562775,0.8787382885091881,0.25280970193769864,0.3877737813750524,0.6850007066257832,0.05626147670658202,0.583304887514825,0.5647002182951557,0.5778251085867792,0.628696293669815,0.4842334649321925,0.16407398502099585,0.041231197926385056,0.93611204322284,0.6062321389696493,0.8731587561374798,0.1737993397226225,0.3944559560408723,0.36998936459851167,0.39227804180615333,0.34955501387208293,0.34955501387208293
44,0.0,0.17356001919105854,0.3029595131428328,0.6647486064941583,0.3013059582614828,0.3645121444578029,0.5431622038994509,0.1797124296175185,0.3081034457742482,0.4101156631228792,0.31157524396099495,0.332353986973367,0.5137183164497795,0.45152890025029946,0.8829775575624937,0.16470449020046196,0.401096990967703,0.8469721767594112,0.6391576507544393,0.36749528630663036,0.3545132326906844,0.375341929200542,0.3719712650293458,0.3719712650293458
45,0.0,0.17148068407609532,0.2217324298938747,0.4902911067394254,0.20281526412938333,0.3052005382492544,0.277430297207049,0.6658933546823249,0.3562628894438527,0.4702595358835536,0.35444693267270905,0.389075795488458,0.33310177403354013,0.8532040364199729,0.06573972471749569,0.06111160127687478,0.25664148099668116,0.765139116202946,0.8411979535975967,0.38644701001586695,0.3653933334140412,0.4082512603618683,0.3506996075024103,0.3506996075024103
46,0.0,0.2603197344662773,0.19447442530758025,0.33558352663912927,0.1875105300231093,0.1389791382611915,0.2120546333772901,0.8330806245018781,0.5683365347989423,0.45596610638663954,0.6419228965875338,0.4228166614082706,0.0032524708052167044,0.0,0.46439776579346115,0.6028516940939699,0.2801129280598865,0.7324058919803602,0.8814931723049475,0.3631011897571185,0.3405339517612807,0.31465008767734737,0.288839430286637,0.288839430286637
47,0.0,0.17404476856046022,0.23508610625950452,0.3597772976260477,0.4815112057469764,0.1134287902042296,0.2032900696126895,0.6821382717468903,0.1231163586179478,0.5028919027919287,0.4408979525793437,0.8874906524463917,0.9249362382876191,0.28168527389046333,0.33572320869611366,0.9012187719326764,0.579864694296338,0.6914893617021276,0.5971240574273581,0.30839401622662915,0.2900700792851279,0.31960466732424675,0.281412350797633,0.281412350797633
48,0.0,0.15165614236820413,0.18992998842570855,0.2786203807379001,0.950595479796491,0.03185973708699147,0.4913793051014806,0.15906012377930978,0.4765170290100567,0.9602134404967924,0.5178969538773913,0.4019546021904419,0.27934901053121414,0.4551146186951004,0.3821073057604763,0.2774613395108468,0.44639038410276577,0.5941080196399349,0.1240193051076191,0.2775631393175458,0.32046185306351854,0.31570856747170417,0.3307140243458651,0.3307140243458651
49,0.0,0.2890537303816977,0.04492618920339366,0.036246392340986575,0.5976097536740662,0.251856546851745,0.5408725067814558,0.04488639288399697,0.3120695374332941,0.11544824280375712,0.2649158042128249,0.40810098309203025,0.3184303754208451,0.24323830908324687,0.19828491239302443,0.22533035317675584,0.02599930620939994,0.37561374795417346,0.05933347057343488,0.3305021862085226,0.31080164242126546,0.3045688117726766,0.26711117868025286,0.26711117868025286
50,0.0,0.12303656694363738,0.5564354470840038,0.10199479657805609,0.3855063505508278,0.399179639062971,0.5199224600543233,0.36707136165511967,0.8493192636540485,0.4083387909299484,0.4183019091724576,0.9141507030499805,0.37428424196232385,0.575717056082322,0.5010028283697776,0.10954734339985912,0.6074466785623295,0.13011456628477913,0.012870071746075313,0.290195447444821,0.28083847867137074,0.29056590496971146,0.24039298363539446,0.24039298363539446
51,0.0,0.3050846444630962,0.228996342181735,0.4399543106768043,0.6315526895628837,0.8577274866294917,0.0984034131366523,0.489142253593969,0.3406711745308317,0.6262893500107961,0.3469204455758098,0.5477498134018574,0.3015874748602056,0.24811164291937857,0.33965645754790197,0.3092740294845879,0.5092385703385104,0.0,0.052821100992376635,0.25155201907489394,0.296367349703798,0.3090132064004464,0.3143358546796246,0.3143358546796246
52,0.0,0.9076090893477569,0.06568117723083548,0.48796231247876265,0.6460928192518957,0.3667740960655371,0.5770683785343818,0.7172776020465259,0.8075962692667509,0.4389697548754396,0.5772329520329331,0.3592498299073122,0.7007946300029729,0.47131522865626707,0.3948805171427328,0.9105499300822768,0.9999999999999999,0.17839607201309327,0.003903718444307199,0.319965435579929,0.35082722508234127,0.37063605930176946,0.3382504327156723,0.3382504327156723
53,0.0,0.10581061698716225,0.8817343994065707,0.293673832926594,0.4974415497836026,0.311197408275616,0.317693841091976,0.5346033053372948,0.4275318843798103,0.42642212723723794,0.6161222108323071,0.10720767749389737,0.6118556578447566,0.3327953835245674,0.30476683743385496,0.12725770705810716,0.5055503838363898,0.4689034369885434,0.010018527413710284,0.3419491562548023,0.33361025130096283,0.367696501873107,0.3267207257478431,0.3267207257478431
54,0.0,0.952395787652847,0.5594273527944437,0.4970545110838859,0.35129297578548024,0.1755190272884106,0.413984161947072,0.32537269167077476,0.06849803554934097,0.5041269808781943,0.48893175580889947,0.7289315068617145,0.14181617555585416,0.45909424908991436,0.3946577832955143,0.020838083955532993,0.5355281626377474,0.707037643207856,0.13724010155767513,0.3328269453086224,0.3176989411220155,0.3700366401641958,0.3206247457915132,0.3206247457915132
55,0.0,0.022912673994560387,0.4057869530851317,0.9458956300485787,0.7782010162632581,0.1940852661092212,0.6789562357783421,0.8307759346684813,0.4840335365192511,0.4150190952047066,0.013320841450843527,0.5891702881086536,0.29218685187209015,0.336896030165422,0.34286980328300115,0.2958075242395396,0.68629411051826,0.8567921440261865,0.11528930975853366,0.3273195198865963,0.30462305113157945,0.3234433534592699,0.2789688094938914,0.2789688094938914
56,0.0,0.027264685528591716,0.07098752499879664,0.7416990717762594,0.55212333167182,0.245880097510818,0.08554979415865122,0.21656799911354102,0.483777780943378,0.27393421823375613,0.9150080535623654,0.6413485716961689,0.3663131642451251,0.5146737598333682,0.40944969490856836,0.512195007791064,0.5684210763887475,0.8723404255319149,0.48052334225393994,0.2823371068247655,0.30550004031097927,0.3210712702255699,0.32457942448046334,0.32457942448046334
57,0.0,0.33600893910208823,0.19483962358450124,0.4427064440041356,0.029746171877524263,0.1817450623591141,0.0819052936981311,0.13963046895720332,0.6882052738324236,0.6103116235126513,0.03364829164620714,0.39041555320291105,0.5651137915087521,0.29612483411518503,0.3296714181698286,0.07965408653657258,0.25104399115188836,0.7962356792144027,0.7880479120443438,0.3311897910127775,0.31371613909940893,0.3544906618643392,0.31816192593153575,0.31816192593153575
58,0.0,0.0,0.06797510037606823,0.2126485605463635,0.13791033353822718,0.4255719093829026,0.9611494769673925,0.555987246091272,0.1817381948724967,0.6035341385601031,0.6566481527195094,0.5071528130384554,0.4303370492266696,0.3872939049964166,0.3528466607797543,0.19091479508486392,0.5061003304085131,0.7414075286415711,0.79122730773043,0.32291890030043696,0.3269107726133646,0.3713565952295552,0.32195584532418714,0.32195584532418714
59,0.0,0.25485766419011935,0.40770002876240663,0.8456188182663765,0.20631317237227148,0.398121972145966,0.6828097067520398,0.0,0.5662574996099035,0.5765116611981506,0.6056343187743994,0.6065288293629225,0.46750983562988246,0.1798875209851052,0.000195570566970415,0.8338717115800961,0.547683358340984,0.6873977086743044,0.6218806468583452,0.33022713149655275,0.36470096336800933,0.3778670741670652,0.3791604082005075,0.3791604082005075
60,0.0,0.17423314428595119,0.3032263070662855,0.6447273555355947,0.28042381422310814,0.3687751615593411,0.539551487266524,0.1829501535135703,0.2871166375694079,0.4167608382821424,0.30789569324691773,0.35449422973876604,0.5107060564332213,0.45753238205711977,0.9897305412322903,0.2527439799589975,0.4254717765954995,0.5400981996726677,0.18770633668046693,0.3863160376721994,0.375277765829014,0.3361007741511238,0.3684088767013248,0.3684088767013248
61,0.0,0.1777066670078888,0.23241458803048826,0.4905684006059482,0.1744981518422135,0.3052918855610938,0.2385234956215394,0.7271903447143899,0.3649010752341407,0.4706586951199979,0.3402167498178062,0.40980978307584914,0.3224276652960565,0.985137766568147,0.13273656170949616,0.32915620914370114,0.37010098963757676,0.328150572831424,0.08375458420061455,0.3738867750484128,0.3844961655629872,0.42029014476725646,0.4018660888877083,0.4018660888877083
62,0.0,0.26048282473560375,0.21251508758405852,0.33744777360101813,0.1296146832059396,0.1074255711541023,0.2135740464813773,1.0000000000000002,0.6129642540103443,0.450781870804978,0.6460216611135435,0.443658611645311,0.0035957293940855548,0.0940424126245716,0.454272502432762,0.2297179186871945,0.2607511927438747,0.1358428805237315,0.014539826315027028,0.4090397392985267,0.3950333653846401,0.4553355526661884,0.40511342667294387,0.40511342667294387
63,0.0,0.1999667303467918,0.23289460896751485,0.3691810817885447,0.4898693798922023,0.1437991275155001,0.1963568449646503,0.6649277991357573,0.1502145998494444,0.5033205888005713,0.4409584108494248,0.8839444334036799,0.8425859540190178,0.288207593925152,0.33722300047224385,0.0,0.3807839494561932,0.05155482815057266,0.010613234520460205,0.422706716150508,0.4143735557915544,0.4703140567710824,0.421787368325734,0.421787368325734
64,0.0,0.16523173508398828,0.19394219842464744,0.2570623634676219,0.9067433303886525,0.003839708694723221,0.5063894396448332,0.1177954276740497,0.4724415954299161,0.9664381486909943,0.5196350929170837,0.3940014927908097,0.2685804497995155,0.4462438919148308,0.38147752620463415,0.5476712180219001,0.4825170168984302,0.23076923076923084,0.07773889308233643,0.4303489651937799,0.40661246879118834,0.4360465362466125,0.37784218197085745,0.37784218197085745
65,0.0,0.29137043106438687,0.08516858024297319,0.05807265539420828,0.6365986568182582,0.2589990150212537,0.5491172244116413,0.009293927805430386,0.3238251663622473,0.0833172751800871,0.24834924702233657,0.3802219925852688,0.33975609547323915,0.2532465503464512,0.15696450159891806,0.929024025485774,0.16793302268215082,0.513911620294599,0.025351296537737215,0.38601482686229976,0.3958312780744076,0.42749562858680057,0.37649180388194764,0.37649180388194764
66,0.0,0.10438485553143895,0.610604275244961,0.03943612720901374,0.38065648910190264,0.3837909803741313,0.4947402736243425,0.35551645535763776,1.0,0.3902836857699592,0.41501616689329723,0.9138018243295654,0.3582232509126846,0.561478672083941,0.5022479698964609,0.6006750627684535,0.7133795685886614,0.7135842880523731,0.06411400077769391,0.38534685511932715,0.39465749448074433,0.41121634883628244,0.40834148590194347,0.40834148590194347
67,0.0,0.30169691357212575,0.23442078321253723,0.43754968595218324,0.7155832831203749,0.9992439545691989,0.0,0.50074200134319,0.3467224270463123,0.6508973546906751,0.33684003825480757,0.5548733677309133,0.3211081771401953,0.2696999116892356,0.3439312390714427,0.7115556555135399,0.6371172689222845,0.8846153846153846,0.2046554892228398,0.41338145970083945,0.4298892903387333,0.4665327843535788,0.41551135051686944,0.41551135051686944
68,0.0,0.9364446655142924,0.06432296397718291,0.4924731676396221,0.6318963012045274,0.3617109134880177,0.5719280672109294,0.7189920418965604,0.7661010219092786,0.4361638895886515,0.5833347565956495,0.30677980811247435,0.6506408828771791,0.4624480675062899,0.39435820880358713,0.4381290461775793,0.8708268400984237,0.8175122749590833,0.7937357518089009,0.4246385582196049,0.40108007666555817,0.4225729316116691,0.3970240314425089,0.3970240314425089
69,0.0,0.10199375851877673,0.8048709921841883,0.2837964208678373,0.5129384221407388,0.3091330143236287,0.3061083105364775,0.5344787854176969,0.4266959095545942,0.4280625819980157,0.6297594487301533,0.020081580594019197,0.6054650317022567,0.3428157727938549,0.2994709020315199,0.2244016689554859,0.4880600337988156,0.7569558101472995,1.0,0.4032573231158704,0.41194040826650685,0.4365375418460067,0.3841375411325581,0.3841375411325581
70,0.0,0.8397551507691198,0.6746926665000678,0.4974984067934133,0.3428124635870548,0.207058106190109,0.4134853965391146,0.31609159112745105,0.008739186921928155,0.503666242159552,0.49157931930010607,0.71820912057792,0.1881134073819247,0.46518292976841064,0.3981770728212162,0.994919224840378,0.7465977666319926,0.7340425531914891,0.7029361757283257,0.3957656794775482,0.3743743748900464,0.3655157146700143,0.3493877865259722,0.3493877865259722
71,0.0,0.032583840560282455,0.39417037920592696,0.8471327159229783,0.78142087715533,0.2033969111880307,0.6707896187545566,0.7725613648183602,0.4985725245971846,0.3991915609401632,0.074436210530132,0.5824925011163891,0.29767503030854064,0.3322329784763312,0.3387451388619631,0.4215639333707955,0.6858716728891573,0.7054009819967266,0.46937639622742217,0.3569127465188248,0.41842229781854495,0.39102820371034597,0.38327584618575655,0.38327584618575655
72,0.0,0.08262544746480001,0.09555267139895791,0.7315506003675759,0.5277416215484817,0.2314580761292759,0.03788082334139276,0.1931162581949484,0.496569305055388,0.3058261405663091,0.8485825618660955,0.641664000730167,0.3758284858687973,0.5173843771223642,0.4229283977272781,0.7364243860802039,0.6089689326235995,0.6039279869067102,0.3748637129547032,0.3930414803097982,0.44038688752103444,0.43975134006854777,0.45579116211953347,0.45579116211953347
73,0.0,0.3664651408869799,0.1896054599413392,0.44011654857522814,0.013023154028388776,0.1669949277282025,0.01521968412477681,0.17303267011099566,0.6507066764830202,0.606907503880049,0.08026945781420047,0.41113026747883225,0.541227801721108,0.285482735488475,0.3305031724177316,0.465868243768345,0.31090502608434367,0.32160392798690673,0.05256295889658957,0.46293485871774115,0.4434927003642412,0.47437592160848074,0.43996604211052087,0.43996604211052087
74,0.0,0.03278040962467413,0.021326645595002372,0.17890038112078904,0.039964768039143575,0.4149758412906195,0.8402552029349066,0.564590640356625,0.1429783368868647,0.63665430933455,0.6251520335678062,0.5050771235620384,0.43000116918758835,0.3874024993657637,0.3538106616772787,0.8880460236816632,0.5913808320498025,0.11783960720130948,0.0015858856179997993,0.44740152596849664,0.45439257021000606,0.4944620048222541,0.4564149207484928,0.4564149207484928
75,0.0,0.25058282541945653,0.4195742195702062,0.8790378029685157,0.2526688654227285,0.4112807854179075,0.690498730993722,0.033957694373157335,0.5996041974912144,0.5543653150872282,0.5780241500405825,0.6030884903042028,0.48397342962183676,0.1587710624931332,0.05041741881504039,0.3573171865640556,0.4666059020973693,0.04582651391162007,0.0217906783473242,0.46444104066991837,0.4468819779528565,0.4813645783516659,0.42882862550362094,0.42882862550362094
76,0.0,0.17866128953594018,0.3033299008168229,0.6831142522733389,0.29003651139451475,0.373417331222648,0.5523460414709163,0.2075304520764923,0.304003072414172,0.4237116812180904,0.3495095854166758,0.3559018136868805,0.5038864879660253,0.45860707237048864,1.0,0.2545372697596832,0.4796536822136742,0.1718494271685762,0.047774804242244034,0.4326867703671747,0.4369119008056272,0.46938304539295395,0.45293611469522704,0.45293611469522704
77,0.0,0.18469977002870977,0.22573972737579714,0.4901043388807108,0.15524306440909524,0.3048739361780586,0.2611844423678853,0.6400194894003874,0.358522012397677,0.47077068660258903,0.3697594372727988,0.39476254743900135,0.32534917801399293,1.0,0.13007326677088818,0.6604756449630552,0.41642309273036326,0.41653027823240585,0.058189803060454265,0.4596081739788522,0.4959083712123456,0.5049577554599075,0.5078836421701525,0.5078836421701525
78,0.0,0.2600506717936128,0.192324270250339,0.364314946792842,0.11711150041680017,0.1594861869647491,0.2037020474048351,0.8794312592201827,0.6236107621673989,0.45460383852231623,0.6467369985865902,0.44702111718673804,0.06657656848418501,0.0928747070018517,0.4469018966350149,0.8871149228865188,0.40109777628241183,0.7086743044189854,0.03790876583026449,0.5205299468455651,0.5143452350748277,0.5608353135461501,0.506880466483288,0.506880466483288
79,0.0,0.19816885493496114,0.22857688346185465,0.3540180141302863,0.49222391735434795,0.09411475522788224,0.1758960901087819,0.6791659391064491,0.07849844984579407,0.5057130873214851,0.4433656316889903,0.8326785571918119,0.9550303102371209,0.26109807757552717,0.3343515327465352,0.6675079046131059,0.5060626752464797,0.8346972176759411,0.22719336367864468,0.5179694631073994,0.6058237902778161,0.5593240624501833,0.5754990021934225,0.5754990021934225
80,0.0,0.1632634840707102,0.1953086742063402,0.28149901682932377,0.8336199247300169,0.0,0.4899793870830054,0.11153871054794386,0.4781670002516903,1.0,0.5071519599894332,0.4173172678409882,0.2778188814969777,0.45198148243518627,0.3812068578768951,0.424020198134981,0.46102292843473147,0.914075286415712,0.36785684332517515,0.5905411875725408,0.6238319797172669,0.6359636537541846,0.6245498661207884,0.6245498661207884
81,0.0,0.29009760145779784,0.11091430740170267,0.10911779073956929,0.6220133449370676,0.2632020028262597,0.528575352302492,0.07874200299572759,0.2859592411789806,0.07232417477096327,0.27097832004603284,0.3821994034678909,0.313899373804775,0.24466822741895883,0.1603719617321834,0.05792953941569197,0.0,0.8036006546644847,0.8275349390425214,0.6383395699745646,0.6424139244683007,0.6592571212936394,0.6386902161452697,0.6386902161452697
82,0.0,0.1542479905674239,0.5698156249023193,0.0,0.3846316644016004,0.404051286276685,0.4932219397486589,0.3548747207263316,0.9746579650282168,0.39739250002617693,0.41557613266144355,0.8958334306862826,0.36030035727722615,0.540882230992187,0.4844078429602057,0.9086396060423548,0.7615498672816435,0.7504091653027825,0.7767332281159222,0.6427271434874291,0.659202223826648,0.6742993907420692,0.6686622170251755,0.6686622170251755
83,0.0,0.29801737568053577,0.21835156373993195,0.4342689851563984,0.7002743103704494,0.866589100488844,0.0759536206934528,0.49495410107740756,0.3460927413178203,0.6078288485930589,0.3398315854324225,0.5508863937436295,0.28505065162615356,0.25828406448497077,0.3453307075422596,0.5763383127684985,0.5692620949483115,0.6841243862520456,0.5218707350732328,0.6856664391491172,0.6871542174428311,0.7127753616690579,0.6700061270642734,0.6700061270642734
84,0.0,0.7928871689812986,0.08605740767440659,0.48586266700875835,0.6540494821627783,0.3713134200983773,0.6064174188672344,0.7332092341106518,0.8430779520992089,0.4411490819942753,0.6314848536730753,0.3041839012800497,0.7572019435011451,0.45210102966681015,0.39457324726161785,0.5452469563581452,0.9303940435411623,0.5834697217675942,0.2001265658714365,0.6817569019003717,0.7070087270050334,0.6977331544914714,0.7159704752993028,0.7159704752993028
85,0.0,0.08434764230460308,0.8569665483322945,0.3309476823228141,0.49819589782244206,0.3117149348147407,0.3042595897513727,0.5268343590374087,0.4277106859606553,0.42423040620316343,0.6584923089657647,0.0659127382924464,0.6434646513914452,0.3420720899337711,0.30327623269385345,0.04103652864701826,0.4808167233126769,0.3502454991816695,0.03533170170101482,0.7325283820841857,0.7447593795148619,0.7699665231946436,0.7501864588048965,0.7501864588048965
86,0.0,1.0,0.6157071960795087,0.4955150579951111,0.336587316111242,0.1973882339130862,0.4137507548264867,0.3137829579378493,0.1042554549828539,0.4999479508450479,0.4955841226478168,0.7420399153819296,0.23224072423179698,0.44820050431091746,0.4008826673659629,0.45195189983923795,0.6752645980985111,0.10229132569558108,0.02175255609689151,0.7661816234674301,0.7460716113599173,0.7280216926709709,0.7108904815362611,0.7108904815362611
87,0.0,0.06266956558462676,0.38474723303882635,0.9586190752039503,0.7833922582242246,0.2028723549726927,0.6507402418774275,0.8720684418075202,0.4969434438986206,0.3978987385087022,0.09939556473068444,0.5925447972604129,0.3111571131649832,0.3448661494417015,0.3417565537741517,0.24987403650368983,0.716142078389096,0.06301145662847785,0.02967435973680398,0.7247420506726114,0.7948209793275511,0.7412976496492906,0.7785637400248386,0.7785637400248386
88,0.0,0.08453019866729189,0.08805130363148146,0.8280598864850478,0.5499971570520683,0.2319606479337247,0.1215400520087613,0.21508686611075153,0.4971445206714695,0.2647386476541724,0.8603716508117634,0.6278858554061826,0.3612547327211905,0.5372543776411631,0.4161536407048734,0.3245295756227268,0.5515544529243283,0.24386252045826518,0.02355955076740091,0.7920356152684846,0.7838552338719378,0.7929539295392954,0.7831549250525718,0.7831549250525718
89,0.0,0.3391923791694636,0.17826368335873732,0.4389674909340205,0.0,0.1906968566542226,0.01792714835075343,0.07148536945748146,0.6837933054946799,0.6078546378084555,0.10355337251079778,0.4106952955985093,0.5701998038066493,0.3105353010438506,0.3385005898180447,0.00751220629794701,0.19608453778600643,0.43126022913256956,0.11936839055483123,0.8118582283215032,0.8109895456759457,0.767275675514108,0.737679385552851,0.737679385552851
90,0.0,0.03608115635155099,0.04088067488147779,0.1878224132582104,0.11513649978300304,0.4551777787022774,0.8626994389790414,0.5279230931416748,0.2187062714437311,0.6166007930035348,0.638012741146786,0.5059648322059898,0.42677735528879934,0.38729201444588207,0.35332369399795543,0.8971716785253091,0.6373584526949044,0.6767594108019641,0.18660079141791897,0.750281657687792,0.7743862750002126,0.7514108082257293,0.697875383789271,0.697875383789271
91,0.0,0.25066121725928237,0.43592694778108243,0.8284254625806317,0.2363468414989861,0.4173591898155033,0.7498830919413872,0.10447075136115334,0.6038826738552863,0.5728773482387416,0.617529522833189,0.6259129118353097,0.4717162985446081,0.15398803286100018,0.0,0.8911512090913947,0.6289839946867256,0.864975450081833,0.18467942999611153,0.7170604715554354,0.7279512466395712,0.732587266359796,0.7303037992759427,0.7303037992759427
92,0.0,0.18567239440289915,0.30225094162532623,0.657602839253907,0.29189477759369975,0.3714708011520557,0.521199367620757,0.21333834151517853,0.2874677579702158,0.4119615330277644,0.29895513786675587,0.3015440650704793,0.5197579009746676,0.4750502044480443,0.8151084543791686,0.024919266931491307,0.35970877828825876,0.8101472995090018,0.6343618716500072,0.7415785198705447,0.7249972117166115,0.7253371343456082,0.7219249745155698,0.7219249745155698
93,0.0,0.18761553510896592,0.2243157686353926,0.4883955782239177,0.22643440978087903,0.3054653532918449,0.2485236235028902,0.6982224430734789,0.3677486551639518,0.4719812307799403,0.34903495146979135,0.40636770217594537,0.325743776332929,0.949249427746177,0.10853667391983338,0.656089672559843,0.42191842788299294,0.800327332242226,0.7181240803007083,0.7362086537801733,0.7497378498458525,0.7731739697911685,0.7430615565556542,0.7430615565556542
94,0.0,0.25983989993778495,0.1867389459176375,0.3501035206116491,0.19071959202506866,0.1624344227132228,0.2272055866506952,0.9457702942357331,0.5823089147593269,0.4560899769726708,0.6622056451284025,0.43425507188802254,0.04979809402996388,0.12274034055901835,0.4532672129306795,0.921819476328831,0.41971856792069284,0.7684124386252047,0.6243662175865566,0.7538113879301696,0.7453594077969419,0.6905149051490515,0.670842075405027,0.670842075405027
95,0.0,0.19286485290677055,0.22967236698144894,0.34206540790008816,0.4925439434654902,0.1433103399543218,0.1956241977350855,0.6682534351689927,0.1170445529308481,0.5014708469619844,0.4422853108881978,0.9411680317823852,0.8758171813449555,0.24038603188507307,0.33782100459299114,0.7601316445800838,0.5330548496694681,0.7193126022913257,0.4112247154174005,0.6748743308211755,0.6706428145872685,0.6742228598756576,0.6679612813746727,0.6679612813746727
96,0.0,0.17147331285393203,0.1911939425446373,0.2793921926855918,0.9558454177615867,0.04674856891654711,0.4960973157061756,0.15453737196431838,0.477527814476141,0.9463578219821323,0.5125322481732479,0.42880530464878225,0.2584924258976312,0.46070724983440203,0.3782718998745993,0.8226377705997889,0.5715815495202171,0.6194762684124386,0.14544400985078954,0.6858890537625484,0.7077406352958813,0.724106475669536,0.6829954782052154,0.6829954782052154
97,0.0,0.28987549495512516,0.08774722815439163,0.04998484779381456,0.6166481506791641,0.2545501956102806,0.5371117450410533,0.03804711746360247,0.2959919792000213,0.12404238924718952,0.2812925073218508,0.3718938277421344,0.3422371948300499,0.25270439733639205,0.20775381599749435,0.3675494207481183,0.07492676733440007,0.3846153846153846,0.12989775612433954,0.694074825241773,0.678700696001898,0.6964960819185397,0.6662058024184101,0.6662058024184101
98,0.0,0.14614774409623502,0.549521143610957,0.06628490868836824,0.3941861509740044,0.4124731912913097,0.5274955033707814,0.34568161803919695,0.8645195881883787,0.4176480194290651,0.4219658518241545,0.8996507201649488,0.359763601204021,0.5206396660201921,0.5100978330139055,0.08781781048109087,0.591251544944822,0.16039279869067102,0.03614751786027433,0.6814491041024848,0.6606594721657197,0.675695814402997,0.6676333575288633,0.6676333575288633
99,0.0,0.30740450741697034,0.23420791716506237,0.43513531231728436,0.6941313145457827,0.822125595425528,0.1151278480117531,0.4889534410231766,0.3461534310079316,0.6545020060998292,0.37037299688680164,0.5488587013437767,0.28941900656238445,0.28838687132057134,0.34502816128479763,0.9355163958141626,0.6687240939674127,0.2184942716857612,0.005520101862653153,0.6770484205649858,0.6551534817996574,0.6362187151283277,0.6184023929523628,0.6184023929523628
100,0.0,0.9252997387317727,0.0,0.48755147029326057,0.5951259756849524,0.366830336117765,0.601189286543654,0.7511661364884333,0.899252370140901,0.44605275764153324,0.6278825209774881,0.3443417112153021,0.7417214638470457,0.46689127672998737,0.3924246896157772,0.6725285734931671,0.9755577132138494,0.43617021276595724,0.006274922421220373,0.6331661623996947,0.6106967823596063,0.583204183604336,0.5442602054993619,0.5442602054993619
101,0.0,0.10806554156161996,0.8430806048945997,0.2962835160874452,0.5217683135828878,0.3103209173804806,0.2947530466410495,0.5254926563608507,0.4287446566341746,0.4206879487654311,0.6000933277826389,0.10436369551185215,0.6115769301342463,0.32880955884155183,0.3029962538649553,0.3820153648373444,0.5377831485061285,0.6841243862520456,0.05241809434494536,0.5609676579529341,0.6340593130339434,0.609896393770923,0.640889415877957,0.640889415877957
102,0.0,0.8765543644789502,0.6107427919948105,0.5019782409590258,0.35367599301798314,0.2116604991267556,0.4133293157039615,0.3327007669751793,0.0,0.5040398652786701,0.5020005523225878,0.7294624042052219,0.19170696740397078,0.46809410595767525,0.3903446865908284,0.7128210675082228,0.6914197363153051,0.9255319148936167,0.06497556363747264,0.650002631597628,0.662334374034887,0.671334302267655,0.6552162718047849,0.6552162718047849
103,0.0,0.039940967080941164,0.3936903106331478,0.8877473714752151,0.7776360614442862,0.1914085877051045,0.6650609543584386,0.8070709863164421,0.4977277334617862,0.4106950517997668,0.0034967813467495536,0.5837699813797701,0.29006916727124915,0.33462514406518823,0.344025407987548,0.5430895730011996,0.704881427068447,0.9950900163666123,0.20885656122052196,0.6637089385235133,0.6915589324622384,0.6919305082297147,0.6951231971959559,0.6951231971959559
104,0.0,0.05478477394281088,0.10062153981700131,0.7359986016510274,0.5673888812317979,0.2332888965885253,0.01890185778343006,0.1391518583914582,0.4876714413124666,0.26780855138727633,1.0,0.6292817283937543,0.36824094665779644,0.5331287564340677,0.4155742132105516,0.44627688724952563,0.5616497176248042,0.9369885433715219,0.5655969563195253,0.7104005790410102,0.7040282903225059,0.7236473527419097,0.711539923974668,0.711539923974668
105,0.0,0.35267584368683197,0.17349122574471812,0.44209433038658535,0.06133361865790557,0.1691307209008018,0.05515976862163763,0.09732796567852973,0.6657323812842639,0.641115010156825,0.011462336339208271,0.4047899662685766,0.5581941768578066,0.28610450949358246,0.3289670190542234,0.5354435088742939,0.3183912826573275,0.8126022913256956,0.9374490114900462,0.7279311760798457,0.7523688817785874,0.7696221654312131,0.7566489825161078,0.7566489825161078
106,0.0,0.014328617807090457,0.05583940427617032,0.16632340140775187,0.1309405119488416,0.4510473793387815,0.8483553416116298,0.5655713602662472,0.1292993508459137,0.6100205065665159,0.6363725628037956,0.5072267089645923,0.4265909065124452,0.38729184038767034,0.35307429132319923,0.8866257195959434,0.6152334617084124,0.8117839607201311,0.6430689936488331,0.7726254883564116,0.7714255430455577,0.7990308165949306,0.7756443260854124,0.7756443260854124
107,0.0,0.2510771929427829,0.43445895446402255,0.9603338205291984,0.1967243289465858,0.4128227546322608,0.6718607404127334,0.07781739204918167,0.6076935076640713,0.5618729208396184,0.5819175206702407,0.6357236225172798,0.466861032788713,0.21075030697324185,0.06065505632629442,0.9319922402342624,0.6336980683221906,0.7749590834697218,0.522000350724704,0.7908699102487715,0.7911416043563677,0.8037558036425952,0.7531316193503703,0.7531316193503703
108,0.0,0.17930100011490063,0.3023768058695103,0.7349639366276891,0.30773003036077,0.3674614842857127,0.5101645787843653,0.2203386712472145,0.2936806596665706,0.4304906493991328,0.30614838690662366,0.35091957610746854,0.49890202225904173,0.459487279465486,0.8465705948864486,0.5960668855524822,0.4920636851559549,0.7004909983633385,0.1587029285512782,0.7741775873704801,0.7698100129381502,0.7975004483500717,0.7565846787975883,0.7565846787975883
109,0.0,0.16162959025047577,0.23680843345499386,0.4974396156947266,0.19099303948529583,0.3053871419920575,0.2816495560221252,0.7104754308477307,0.3648155921343346,0.4672943270830646,0.3430788932356705,0.3905219230350033,0.3175055507605407,0.8191213910482876,0.13114571681061613,0.6038811447836873,0.3745933235678608,0.46235679214402614,0.017109265994190163,0.7724749469028016,0.7516962164604282,0.7222891633787661,0.7034055035819495,0.7034055035819495
110,0.0,0.26113029182283654,0.19187759824196082,0.3456253268796278,0.18382909144314458,0.1099340146247849,0.2209562212668518,0.845322726579623,0.5735690167869458,0.45656445222935693,0.6192533026049565,0.4431506295973583,0.1022830169701678,0.0881430495300824,0.4706754519051523,0.6512446883148436,0.34617756232371655,0.2978723404255319,0.042635924883917736,0.7188875613301342,0.6996498482735953,0.71940695739678,0.698428370649899,0.698428370649899
111,0.0,0.19544709861059745,0.2407883593323864,0.343225661655407,0.4746090648266709,0.1035259932484609,0.2169651694919738,0.6338363324744296,0.1055134393778481,0.5043238329816507,0.4429029443548112,0.8980030406149746,0.8281327041778525,0.2663225006794891,0.3343930492085346,0.9843267541489638,0.5596658290680739,0.1914893617021276,0.04724871718627295,0.7144475477187311,0.7521051217610515,0.7500143222939583,0.7467204632580546,0.7467204632580546
112,0.0,0.14396364376795154,0.18945953907904386,0.2501224540721756,0.8446883436232713,0.06349815757517902,0.4830460030182048,0.17620979777730983,0.4811792679297422,0.9785810507324748,0.5295911851232697,0.41054954936609644,0.24927975846122138,0.46523395832023867,0.3787132915812995,0.7765250535047935,0.5351616704388084,0.39525368248772486,0.0024855707282112234,0.7616303345249813,0.7929154162321108,0.801498485573091,0.7876561853489377,0.7876561853489377
113,0.0,0.28920387694440414,0.07067709195688339,0.13409559360735016,0.6695817085566578,0.2543336650371684,0.5358741637270141,0.057160235998399436,0.3348833612310644,0.12497307536232342,0.30145682326031364,0.3937637251598665,0.3298507874713576,0.2607552006523136,0.19398408297381148,0.9999999999999999,0.24826229307321357,0.599836333878887,0.06965697599060666,0.8053817482492842,0.8240720683035414,0.8426398354057071,0.8254861131912485,0.8254861131912485
114,0.0,0.10871303017515137,0.5928166416440956,0.025587365043895825,0.39273854120286983,0.391587211615574,0.5034014691955943,0.36740401281748997,0.8443004706897479,0.4007561464926437,0.42392442676788045,0.8926696307529586,0.3712116302839348,0.5267942171900427,0.49394062941923633,0.7960884233428998,0.719097662542259,0.8936170212765959,0.10880090273489026,0.8467951009948336,0.8436892196077754,0.8700654092937988,0.842243637118794,0.842243637118794
115,0.0,0.29623669236651023,0.23422550171141027,0.43801456601307426,0.6870876244433378,0.880558164120677,0.02172743556034201,0.49659836714208927,0.3468693641587234,0.6168432437598562,0.33690646842091865,0.5585810760074306,0.29549601488694227,0.2563785437897512,0.34494892182391357,0.7878466973398891,0.6106927574808921,1.0,0.1896276981022744,0.8624135529771939,0.8809386250530289,0.8949020106009883,0.8830379412662144,0.8830379412662144
116,0.0,0.7641693852712255,0.05663272602427209,0.48234301316617195,0.6609356290372272,0.3746524576190248,0.6409983220017561,0.7014287277245661,0.8942505922971125,0.4332218634437568,0.6069772633543546,0.3601846157459665,0.7026003456970521,0.4553152566380744,0.3897092224783348,0.8706931840035407,0.9913292978729195,0.9157119476268414,0.6157505889887691,0.8969509855828739,0.8888118873342903,0.9177108241670652,0.8701322351966279,0.8701322351966279
117,0.0,0.057282308714074914,0.8653237677920801,0.3097350887209887,0.5183934710092765,0.3100427630350523,0.3132154183992438,0.5317211167597007,0.4316340914702595,0.42417657008419923,0.6166609632549829,0.09058254659786853,0.6294505867089665,0.3246824597167993,0.28006236213774316,0.7902559768532973,0.6228602885070974,0.8232405891980359,0.8614408685773538,0.8949078681827314,0.9422957991323222,0.9298007083931134,0.9416635912031759,0.9416635912031759
118,0.0,0.9427608836892513,0.5920224579595328,0.4897260121900836,0.33758420650302406,0.2059382933661928,0.4151346048567629,0.314569528488413,0.1005382649616891,0.4985037745456448,0.4952491845239394,0.7391915416811026,0.23125015537173538,0.4689314256305427,0.391796461600738,0.541254001781111,0.6850405783455346,0.8076923076923079,0.7388168378355711,0.9621097265575014,0.9453290393339855,0.9479100659572773,0.9211893877011226,0.9211893877011226
119,0.0,0.04060483721623035,0.39299683883004244,0.9868770717419297,0.7811872886859577,0.2008409795757445,0.6343632215057053,0.8232533781863168,0.4829991972320751,0.4075191737804918,0.121635824661815,0.58288875451799,0.2653574790906802,0.34180514404769086,0.3441626822752059,0.01227616588489241,0.6427457126450383,0.806873977086743,0.5016583178938219,0.9407089223438243,0.9507493849677913,0.9481651273314203,0.9045603456174158,0.9045603456174158
120,0.0,0.09170573760625636,0.05317140747848422,0.8225975525741619,0.5410405168465138,0.229811625505955,0.09836521772052731,0.1287138239209561,0.4933515567175226,0.32835409133137294,0.9183100259363065,0.6107225194687911,0.3639735612715181,0.5167277357396256,0.4269049388076812,0.522295734589776,0.5799944647375682,0.7356792144026185,0.26223533627637113,0.9349002221605589,0.9778572950122311,0.9664657809261917,0.9748700565652935,0.9748700565652935
121,0.0,0.34847905429759984,0.2026935041974584,0.4369798680012731,0.04018789535216391,0.1493171240112602,0.1148704047309306,0.11481830749686732,0.671796634444674,0.6313072598782475,0.10071784193126063,0.3785457495303676,0.5259754307451673,0.299729650340663,0.33262447359946745,0.6633773969269431,0.37044425069800846,0.46399345335515574,0.038747455339783604,1.0,0.9918300076990108,1.0,0.9608839977872989,0.9608839977872989
122,1.0,0.06670329242776324,0.055274504422013725,0.18965537322888076,0.03857698993928474,0.4451314252884026,0.8236848682729159,0.555576740134506,0.1350796812835787,0.6317917868221696,0.604576991782184,0.5039926122712605,0.42992179844528255,0.38723308776589194,0.3529299671417712,0.04845070763392692,0.4547777255008493,0.26350245499181657,0.046951363632897966,0.9834124294161071,1.0,0.9922652140124343,1.0,1.0
